frame_id,object_id,class,confidence,bbox_x1,bbox_y1,bbox_x2,bbox_y2,velocity_kmph
1,78,Car,0.3240114450454712,783.9663090374211,308.1977232630674,815.9155269000789,321.60836804552633,0.0
1,77,Car,0.5230737328529358,504.6458743718525,291.0636445477608,519.559081682835,303.2598417803642,0.0
1,76,Car,0.5503031611442566,229.7199103062854,306.9753723191045,261.40200741832393,321.228118891833,0.0
1,75,Car,0.6140941381454468,664.1628421237294,293.1333773821618,684.5499264309581,308.2675015240882,0.0
1,74,Car,0.8312270641326904,528.7254338656788,298.72119136790883,565.4188532436962,326.3439331438099,0.0
2,79,Car,0.5878564715385437,107.34994991107754,307.3644865701555,149.07729618267246,329.071914797032,0.0
2,78,Car,0.39511778950691223,789.0012303059071,308.7176599800312,815.7913699775612,319.8098114914589,30.880235467438915
2,77,Car,0.44268542528152466,504.6908274459735,291.90754386894895,519.4074498117469,303.9447204134239,8.593663520808187
2,76,Car,0.4125673472881317,220.01976605742195,307.2224741196402,254.44433075565044,322.31132854226314,74.75602748929136
2,75,Car,0.6351221203804016,664.8266955671162,293.97222409876485,685.2052771496082,308.8926809290201,8.915443052026239
2,74,Car,0.8223316669464111,528.9463058472396,299.46585155189814,565.4805458101661,326.930133672327,3.3438177374559195
3,79,Car,0.5978075861930847,93.75888475105904,306.5742468333846,137.60215488193558,329.54822104890667,73.65297844522115
3,77,Car,0.4063774049282074,504.8966484812187,292.2682815765379,519.3580275885512,303.8322486649388,5.1884186595257376
3,76,Car,0.4316665530204773,209.67776577076222,307.1975599015402,249.077689148322,324.0972566006409,64.932479019707
3,75,Car,0.5980260968208313,665.3987587090047,293.8823393673772,685.599878438159,308.83847209211285,5.95648940674047
3,74,Car,0.8210226893424988,529.0869415019955,299.41522161856915,565.3459770367175,326.62220579054383,1.2581538124576417
4,77,Car,0.3572319447994232,504.92682133548635,292.34742969550683,519.2581677346487,303.71160447766107,3.4364493211766534
4,75,Car,0.5893738865852356,665.6399885070277,293.6645575435909,686.1281843945953,308.8346058438339,4.815610870213757
4,74,Car,0.8242341876029968,529.1813556429313,299.40738855794035,565.3938550871735,326.56046727162453,0.8288917400548125
5,79,Car,0.3508995473384857,64.95598158039206,309.7913842957675,110.30747527311149,332.74590300314406,79.78111581885142
5,77,Car,0.3635072112083435,504.837238172562,292.0997137659089,519.3128476402113,303.52247135714316,1.9202975927044534
5,75,Car,0.619314968585968,665.7348043115697,293.3259416628793,686.9806219559567,308.83343937908677,4.43314099339847
5,74,Car,0.8300686478614807,529.2247283933377,299.27351886289733,565.4719386932991,326.3839297388585,0.5041388384219736
6,79,Car,0.5616875290870667,47.913334679994236,310.4000157639349,95.66366462439682,334.58975953407946,78.9512317694197
6,77,Car,0.33504122495651245,504.84390092138574,292.2900871379786,518.9904621592308,303.36341936000554,1.6832562782921685
6,75,Car,0.5591503977775574,665.66103785206,293.14075931694333,686.9718034003349,308.78653856606047,3.412806615113333
6,74,Car,0.8321912884712219,529.1624576675276,299.3280907808541,565.4424744902437,326.38114995876043,0.3951652201592855
7,77,Car,0.36515817046165466,504.7959274443619,291.85695121626713,519.2466592470859,303.1145496189373,0.6675959598835596
7,75,Car,0.5721639394760132,665.8808274008959,292.95972125638633,687.1654528533968,308.6939555393811,3.103734683375261
7,74,Car,0.825212836265564,529.1456084788359,299.23380722458137,565.3881658457984,326.21001701644104,0.22655118251050363
8,77,Car,0.40551334619522095,504.56522692879804,290.7683757512657,519.0441261542429,301.9343636051934,1.4911819012992775
8,75,Car,0.5879112482070923,666.0104500881944,291.8894589165423,687.4461929521694,307.96740098907236,2.9920802472728782
8,74,Car,0.8175839781761169,528.985190535338,298.223248729766,565.1955645552118,324.95790896205307,0.6796505334619819
9,77,Car,0.4500633776187897,504.508694401256,290.18859225525176,518.8389770509789,301.3058392392383,2.243544470103743
9,75,Car,0.5487114787101746,665.8490723691682,290.8887636628584,687.5532509447958,307.25436248554297,2.943900770069218
9,74,Car,0.7932364344596863,528.7836172662066,297.4144752104353,564.9641509580549,323.9525656469831,1.1825052798226001
10,82,Car,0.459107369184494,353.82958403253235,293.1761601251967,373.58790449074786,305.049099885856,0.0
10,77,Car,0.45914265513420105,504.3314591366116,289.5791457653739,518.8811115280506,300.9445277191931,2.5915964661052993
10,76,Car,0.6006757020950317,105.08697821879723,310.3292513958805,161.2584821236304,331.2609935889171,80.68179379061048
10,75,Car,0.6690863370895386,665.6575241001358,290.4894756399912,687.8255291151465,307.00974372558943,2.797779195454379
10,74,Car,0.7990083694458008,528.6469787447456,296.88866283201105,564.8337364940317,323.3500598808904,1.3808241449869922
11,82,Car,0.5982182025909424,351.16877061400555,292.9598572340999,371.0242589431317,304.9978897694177,29.333113598137704
11,80,Car,0.6713218092918396,783.2067098494122,305.66460075902245,828.5234260099253,328.58427480158394,0.0
11,77,Car,0.4810516834259033,504.1176704815723,289.4587345139847,518.7354422777781,300.8603164350916,3.7307886825573524
11,76,Car,0.4944016635417938,81.59405626191861,310.44519683383925,139.81623605026115,332.4970607082848,82.68098103973594
11,75,Car,0.6155571341514587,665.7766087413793,290.25241150297956,688.0446896891492,306.7654670244029,3.1645627819932756
11,74,Car,0.8101231455802917,528.4706109355218,296.6734826232966,564.6522874628022,323.0736278227176,1.9248563756662367
12,82,Car,0.40196263790130615,348.33522612393364,292.5782506137882,368.74874206276553,305.0754757112585,27.9493514289112
12,80,Car,0.34667736291885376,783.8172904217291,304.2685450503467,827.3493023172388,327.69081130062807,6.795038296628764
12,77,Car,0.4010675251483917,503.75530641163493,288.953133355347,518.4051318676513,300.5681927419085,4.458311587047436
12,76,Car,0.5304750204086304,59.16223332202811,310.5383958639993,121.73589796937765,333.64761740684,82.48528201426053
12,75,Car,0.6045026779174805,666.1099821205021,289.9647076716264,688.1917580447744,306.56712473554643,3.1690862662391996
12,74,Car,0.8097356557846069,528.4169313343848,296.3923914828537,564.5039777970605,322.69078897700234,2.0296069483999393
13,82,Car,0.4461809992790222,345.0892662789832,292.8760306696575,365.81057873028016,305.61131355650156,29.18614075703533
13,80,Car,0.495524525642395,792.1371937187308,304.67354452814294,830.2073628584677,327.7349247238339,15.765825283700428
13,77,Car,0.34197553992271423,503.4510665090745,287.1559660125441,518.5744532005142,299.59240007205904,5.7640011790740635
13,76,Car,0.31695884466171265,32.54888239121519,311.48261061346375,101.19168850104597,336.48470613143127,80.52691900804962
13,75,Car,0.5821722745895386,666.5463483622813,289.6669559606415,688.4727848396197,306.33131499567963,3.2712548079952724
13,74,Car,0.8100976347923279,528.1357420953359,296.13355466895746,564.1058949647311,322.47581531967785,2.1978872402620366
14,82,Car,0.38466787338256836,342.1026562309736,293.5880277762263,362.95251882375123,306.32819868943756,29.704575345306484
14,80,Car,0.5753988027572632,796.6258866274701,305.4035076070371,830.4096410901187,327.92650217542246,15.317295318552437
14,77,Car,0.3545319139957428,503.1305098492105,288.0802397218973,518.3404081285138,300.3298240389472,4.710573103680702
14,76,Car,0.6166358590126038,5.859263367365436,312.04867139339854,78.14414326058878,338.2277924864529,80.86555762135391
14,75,Car,0.5877522230148315,666.7114696525804,289.88323212838276,688.4540222974475,306.58580106487176,2.7819336798461682
14,74,Car,0.8200693726539612,528.1516516412858,296.3927893582959,564.0047272749362,322.6141479319998,2.036265994877618
15,82,Car,0.4881051182746887,339.0333687835519,293.4728961924102,360.2004517130137,306.3929230259495,29.498667288070035
15,80,Car,0.7386906147003174,792.056311430418,303.91435407821484,828.1974738672909,327.66660312923864,6.345413023482074
15,77,Car,0.30025404691696167,502.96496747304593,288.48552362202645,518.0788056019867,300.52677703222355,4.486875182379828
15,76,Car,0.6822802424430847,-8.892690158235897,312.8005961252638,56.86412334651796,339.1795639659003,81.1135437314214
15,75,Car,0.5438152551651001,667.6727157271392,290.0787123205347,689.0910862834497,306.7264137691543,2.9645471228385474
15,74,Car,0.8248139023780823,528.0246527199708,296.3013919509285,563.7957786544059,322.47032316434456,2.1424662693550647
16,82,Car,0.47788870334625244,335.4086411585033,294.1508047736051,356.65070748031997,307.069693508374,30.900781547640726
16,80,Car,0.6753889918327332,790.0285457731727,303.5774795226229,827.6073499078864,327.65382088041457,3.718685473471717
16,75,Car,0.5164711475372314,668.5783710873725,290.25890654961796,689.8973894072417,306.7967928163337,3.2266000064515086
16,74,Car,0.8218158483505249,528.0241756828211,296.18191561144283,563.7140586387329,322.32136390580274,2.1468680918804
17,82,Car,0.5065401792526245,331.693948258949,294.2869047252003,353.22650690519464,307.1604966019329,31.923415922467
17,80,Car,0.5748908519744873,796.3287957036937,303.60832340253455,830.4450268415185,327.27885648648464,7.326221512639685
17,75,Car,0.4551903307437897,668.5614853370329,290.34279505257507,689.554742219931,306.83619314953137,2.4438255578610653
17,74,Car,0.8194904923439026,527.946644910992,295.8985211120548,563.7058231412947,322.0543362804567,1.6652681419878927
18,82,Car,0.523570716381073,328.4351644969775,294.76530995893603,349.8549077915855,307.51243290871736,32.62857470803037
18,80,Car,0.39618974924087524,799.5067325315224,303.4437951916753,831.7532420505665,327.0255821565344,8.134139406134416
18,75,Car,0.46061065793037415,667.3339354155079,289.9993457959322,689.4055864532357,306.8460063669121,1.594080599889689
18,74,Car,0.802547812461853,527.6019861206986,295.9626528242806,563.390683525948,322.0985928608955,1.2348953180495703
19,82,Car,0.46301600337028503,324.88256086343597,294.4311627128855,346.5684818632669,307.47019854837464,32.261039344940095
19,80,Car,0.6491312980651855,795.0591925466047,302.4868881429366,829.7206328071218,326.53782618753695,4.9312853381613015
19,75,Car,0.424367219209671,667.9440498426043,289.71352827061446,689.5515850010997,306.5366609425878,1.8735300244742308
19,74,Car,0.7926216125488281,527.5183777728873,295.4429145862401,563.4161139132468,321.607231283795,1.1696679586789618
20,82,Car,0.3723732531070709,320.94330164232434,294.3274662664482,342.9869438685301,307.4178583488768,33.451499941759366
20,80,Car,0.5509511232376099,792.670112144976,301.8419314529347,829.8813052500286,326.516008743181,3.745078130434121
20,75,Truck,0.35425588488578796,667.1457897434376,289.0434899810867,689.0861000534989,306.1878067592866,1.312594227922352
20,74,Car,0.8129642605781555,527.3425058077739,295.07113173224275,563.0971034125705,321.32885423899677,1.2253266016280027
21,84,Car,0.39236050844192505,354.35847178103575,291.5987717191958,370.8482648111909,303.1274564751588,0.0
21,82,Car,0.3894909620285034,316.6688656508327,292.70383533181484,339.1749823618658,306.15679986252803,34.14787033394021
21,80,Car,0.5872699022293091,791.1058982707883,300.89597644998827,830.1278739681085,325.63621537351327,3.467088503808037
21,75,Truck,0.3854982256889343,666.4428854901817,288.20284682279,688.9768138802942,305.70464700018556,1.2223914992354374
21,74,Car,0.8335843086242676,527.2066733611418,294.2005082489673,562.5782413535128,320.3536873698901,1.5797511501128843
22,84,Car,0.3512497842311859,351.42932324396196,291.9894643608174,367.76880908109086,303.2013141444632,36.28225188972227
22,82,Car,0.5261366367340088,312.17989288743354,291.9417519445708,335.4167981185575,305.9068478174661,33.99889465967681
22,80,Car,0.7299801707267761,791.1913483468094,300.22489350930255,831.5258573952295,325.2348897305245,2.086766964876033
22,75,Car,0.36876633763313293,668.0377781060511,288.00482881358516,689.7900511519586,305.3728475037051,1.658821186130913
22,74,Car,0.8481127619743347,527.3682943648711,293.60941300840705,562.415242008001,319.6548744412562,1.6941177722659246
23,84,Car,0.40409055352211,348.2606138191243,292.29531859079833,365.03040774983833,303.378367688306,36.40015149793614
23,82,Car,0.5472812056541443,307.68373706334773,291.606582575063,331.61876565138743,306.1095159119116,34.022154028079306
23,80,Car,0.7354806065559387,792.6429373569251,300.5853220657699,832.8717686441366,325.71786164682544,2.1454812496026094
23,75,Car,0.3843315839767456,668.1416272191271,288.5300487197099,690.0868136726723,305.8422388486991,1.608060247235342
23,74,Car,0.8487061262130737,527.526845435517,293.61989997732053,562.4488719351058,319.6241497563974,1.7771138783826919
24,84,Car,0.4671579599380493,344.94167478993865,292.0083445064152,362.9804461283139,303.86091842676825,32.88343147105553
24,82,Car,0.6372177600860596,303.13442539599515,291.19190157711586,328.0468619315978,306.3270768201905,33.74241773024557
24,80,Car,0.6671769022941589,795.0820428777224,300.4884747163864,834.7399958835974,325.83616377877496,3.230168965051592
24,75,Car,0.3907777667045593,668.7300359256018,288.85275952292824,690.4667170444151,305.9826874308281,1.3705474839991896
24,74,Car,0.8485127091407776,527.5519583466241,293.57469042591276,562.4164345071094,319.5233168956396,1.7250432344089641
25,84,Car,0.3726409673690796,342.4823572654893,291.6273880931226,360.8984698612909,303.59255755246613,30.789905937091458
25,82,Car,0.6065977215766907,297.9547258434954,292.0375480501317,323.67240010073755,307.6613772580621,33.81788903390046
25,80,Car,0.45478659868240356,797.2983961031133,300.4478329427207,835.9306175324565,326.0801913157491,4.765556259898814
25,75,Car,0.4708544909954071,669.3309264495218,289.63002722526437,690.7221861803051,306.515353651047,0.8089211216515574
25,74,Car,0.8385634422302246,527.3768473794998,293.9448962038506,562.2536501368131,319.8840729839593,1.4825681591936695
26,88,Car,0.6177936792373657,94.34530435496517,292.0587475402612,148.62607399993112,324.0581572425281,0.0
26,87,Car,0.7557275295257568,154.72578982621295,297.15539534942724,196.27231979784588,323.22653322944683,0.0
26,82,Car,0.5780821442604065,292.987469910354,292.7747011494991,319.5857849526042,308.85262995382465,33.7484813467851
26,80,Car,0.390878826379776,802.6733443246087,301.55774608681594,838.0296437777722,326.9394171390996,4.176061348235365
26,75,Car,0.5153859853744507,669.0515573324672,290.36705586603523,691.4045498046014,307.3092757705847,1.058960008717067
26,74,Car,0.8379727005958557,527.5247734889545,294.5589737549806,562.4674849792834,320.58071654798886,0.9414803582334481
27,88,Car,0.4217527508735657,68.4096181688646,292.28321558835967,128.47677851948106,326.55779843296705,90.91769505494065
27,87,Car,0.7970651984214783,141.2563096860641,297.6276168135168,185.34192128261074,324.1272891863194,62.24971979943219
27,82,Car,0.540887176990509,287.1851484798405,292.68047588203774,315.15952950998263,309.33669371322037,34.19706776557012
27,80,Car,0.42202863097190857,799.838295381434,300.5915332359224,836.9372113349335,326.2537178976779,1.928806090860409
27,75,Car,0.45962467789649963,668.9940259833957,290.01562860341596,691.0815398816956,306.6603860627064,1.5051311304348014
27,74,Car,0.8394163846969604,527.4406824416827,294.081925882546,562.253065322857,320.10288500863646,1.1783585144241548
28,88,Car,0.476056307554245,38.662180661513986,291.28094899291494,105.72779056334892,327.5998092663579,91.64466672218038
28,87,Car,0.7969784736633301,127.95657631641504,297.8497521820959,174.24494346810795,324.69794582421343,61.40101025748789
28,82,Car,0.5625450015068054,281.52472720451567,291.56674654358994,310.75589769451915,309.097144343433,33.875481289374534
28,75,Car,0.5369412899017334,669.2610000193596,289.0339968299928,691.3074389511527,305.63393196056586,1.5615654375138046
28,74,Car,0.8417070508003235,527.8578415304196,293.3607702065779,562.4978917360088,319.14077157808987,1.3339632195383453
29,88,Car,0.7406443357467651,10.602142103924763,290.83763096426344,82.32010078152675,328.8281737077739,88.89185214595807
29,87,Car,0.8061309456825256,113.00894831508963,297.71621778788835,161.58460029296762,325.3025519457507,62.35428293850137
29,82,Car,0.5809904336929321,275.3950928824785,290.79811524985513,305.31025888868794,309.2430830470957,33.84758100776128
29,75,Car,0.6465447545051575,668.1753090748905,287.78858983620927,691.3836344585945,304.6997511048373,1.9123335926794893
29,74,Car,0.8325192332267761,528.2061123435392,292.5117386570655,562.7299384559574,318.04692490278205,1.7218535698270274
30,90,Car,0.7795207500457764,796.4545256424998,296.3207613391421,836.7013362705173,321.2062955080047,0.0
30,88,Truck,0.4289083182811737,-7.50777625911611,291.04263991698883,60.096771573422515,329.7151681933501,83.09922445602798
30,87,Car,0.800758957862854,96.78006686669781,297.55628497315195,147.78579638821668,326.1718953067848,62.79550217501583
30,82,Car,0.568427324295044,268.7895475079456,290.06668527318794,299.4778101267816,309.4610318412503,33.86774233157752
30,75,Car,0.5526655912399292,668.3967365514593,287.2096250872493,691.8255395230112,304.18608774117575,2.3943852577850464
30,74,Car,0.831978976726532,528.366380655745,291.9456911921549,562.786827495148,317.29568043795035,1.6231350366212225
31,90,Car,0.8287692070007324,798.042716967608,295.6857688601849,839.1681272297534,320.96677716363115,11.075674144138878
31,88,Car,0.49373871088027954,-17.60801964869568,292.1588012061136,35.480924562749664,329.6566053575856,81.06616015984274
31,87,Car,0.8498189449310303,79.48148992971181,297.67538332196585,132.83006862765424,327.23260102966555,63.37758935541595
31,82,Car,0.5935375094413757,261.9320020423134,289.0351260274064,294.0023630156899,309.73652814434257,33.21042204017454
31,75,Car,0.5870611667633057,668.3039556259878,286.5599628394183,692.5179891933522,303.70789688046034,1.8880877124972364
31,74,Car,0.8447371125221252,528.5133761026423,291.56406187120325,562.9098131199164,316.71663202695566,1.5643716049926808
32,90,Car,0.8112839460372925,800.1881931906828,295.0255374793543,843.0388615412976,320.98414824028714,13.241809163746193
32,87,Car,0.8435332179069519,59.876843346248364,297.82452407094354,116.38340556888565,328.49059993194123,64.14038208750661
32,82,Car,0.34842535853385925,254.7616043629994,291.5324311555654,287.17688070532716,311.6047745068813,36.43626185001909
32,75,Car,0.545522153377533,668.3768485527737,286.2501469600596,692.8866009427547,303.5476268249413,2.380300056281464
32,74,Car,0.842555046081543,528.5645409774555,291.47829620256624,562.9553129637032,316.43319285271474,1.6684982617547939
33,90,Car,0.7368233799934387,801.5610179831245,294.41790989821084,845.7364868507735,320.78262277878184,12.230899595774186
33,87,Car,0.8053773045539856,38.470663988207896,297.34602060157073,98.5155006383618,329.4225286118918,64.36502789179025
33,82,Car,0.3093241751194,246.41251091307433,292.4691071390845,279.35451279658287,312.380777041016,39.80160859333631
33,75,Car,0.6169957518577576,668.7349652741024,285.9784145542445,693.3658433772642,303.3738045541155,2.675184024897353
33,74,Car,0.8510339260101318,528.6904885166948,290.8711917363176,563.0529443217174,315.77971629189045,2.0134647741373572
34,90,Car,0.7667818069458008,801.4606342031752,294.10707222062933,846.0111412639819,320.6219274100321,9.283555036812217
34,87,Car,0.8331960439682007,15.211695338130035,297.652904036864,79.52151921913077,331.01116776114895,64.85241556367102
34,75,Car,0.6491208076477051,668.8199773965221,285.7632509865355,693.5644499511275,303.23205423030623,3.2288470636059787
34,74,Car,0.8575672507286072,528.5948422070074,290.6181053283139,562.861759442473,315.45801087688034,2.4049034941225274
35,90,Car,0.7741333246231079,801.5936439802529,293.90683816453884,845.9523247025072,320.38077485495,7.521663827046437
35,87,Car,0.8551183938980103,-2.3548451030708186,298.14687362578894,60.58573981748302,332.39394775204977,64.15367383252362
35,75,Car,0.6372823715209961,669.0608137541972,285.6467847554846,693.7350184642019,303.2069272972124,3.8984272136216167
35,74,Car,0.855877161026001,528.5183895137812,290.35787141910805,562.6651911417233,315.2042294307904,2.91332351852142
36,90,Car,0.7261099219322205,802.3015945226364,293.5565477926869,846.8532522180635,320.1347733436042,6.963938573799036
36,87,Car,0.8385174870491028,-12.382101904888154,298.18375340337167,41.47874878513111,332.1069218243612,65.80104943004142
36,75,Car,0.6307844519615173,669.2560663186991,285.437404217837,694.4919795001124,303.2044430758138,3.7289864186168598
36,74,Car,0.8625559210777283,528.4970170124145,290.1073998011887,562.5222193310224,315.03198021512657,2.75090834043102
37,90,Car,0.7104402184486389,803.1322368260325,293.3014226704048,848.155721239653,319.993169944402,6.726626236422498
37,82,Car,0.5061997771263123,209.17536744188916,292.84887643561393,247.56303994205936,314.4017824643235,43.07870441840043
37,75,Car,0.5750733017921448,669.1852598370522,285.37209645535677,694.4067188927515,303.23704238534856,2.8427107816418045
37,74,Car,0.8658282160758972,528.4877896319693,289.9506434664824,562.388768504005,314.9115310838732,2.300729674228094
38,90,Car,0.7743143439292908,803.503394158081,293.08062577920833,848.4048274041012,319.61024664339965,6.159158034166026
38,82,Car,0.5398776531219482,197.74778254948737,292.5282522302002,238.8529739041716,315.2960201760543,43.50267805224384
38,75,Car,0.5855574011802673,669.4459327513728,285.14436254246726,695.1759588618988,303.2135343601395,2.7121049773021872
38,74,Car,0.8631340265274048,528.5119245197844,289.76790437211173,562.2331252485516,314.77609675488236,1.8047169148352193
39,91,Car,0.5487315654754639,341.88107185638233,285.098186548154,359.94710279682084,297.539771218356,0.0
39,90,Car,0.7088638544082642,804.551579771019,292.82785970781816,849.1892291931048,319.1807856396517,6.065304341724287
39,82,Car,0.3571445941925049,183.42404015143094,295.26057923006096,224.15127773290473,317.17732433681334,50.05965099919422
39,75,Car,0.5805863738059998,669.1596715055314,284.9100181847166,695.1186137527047,303.11444562979796,2.172879880152981
39,74,Car,0.8689733147621155,528.4103101983234,289.4525593710077,562.0222012301359,314.43390975738936,1.6221649554912287
40,91,Car,0.417660653591156,339.6235639397512,284.8276055617881,357.65069208128045,297.3766375060478,24.605919495003025
40,90,Car,0.6082923412322998,805.4903533315706,292.39562352517135,849.5117584538219,318.7060810712874,5.312646445303528
40,82,Car,0.30080854892730713,168.8791312122654,296.66738940158024,209.7647848589608,318.03171762277833,56.36952377095741
40,75,Car,0.52801913022995,669.3210003123213,284.7531077972827,695.1381549745734,303.0036146031457,1.8163279741011313
40,74,Car,0.8629037737846375,528.3867136289892,289.0128180405038,561.8732524393566,313.9160804785282,1.6494076973222351
41,90,Car,0.7021648287773132,806.7877661428867,292.3386996637887,850.4638550174001,318.665316504914,4.242221257183551
41,75,Car,0.5631649494171143,669.252247315239,284.944461285261,695.197635686658,303.2225106870958,1.4687729919647037
41,74,Car,0.8641976714134216,528.3040685656506,288.9781431287619,561.7496171477569,313.8997060937169,1.5777968141676608
42,90,Car,0.6873596906661987,807.5441471551184,292.45644813211254,851.3569381274057,318.9883797767435,3.4476132531812507
42,75,Car,0.632580578327179,669.2821178478324,285.3817843731424,694.9750009130477,303.66786624103224,0.8930704146470655
42,74,Car,0.8594710826873779,528.2160922935645,289.1702965893132,561.6379679936554,314.14166896825014,1.1522511976419
43,93,Car,0.7405047416687012,114.78407099556537,290.3767317010214,179.86424426042825,321.54517104071056,0.0
43,90,Car,0.7463533878326416,808.374864562274,292.8180558659847,852.147398628702,319.65224068296726,3.701763412762264
43,75,Car,0.6805019974708557,669.3279333085757,285.6991168311812,694.9293871872705,304.0510668320128,0.8252390493301922
43,74,Car,0.8476094603538513,528.2493464924281,289.53668647436615,561.7353386016658,314.4908157344302,0.7581619938483305
44,93,Car,0.8217496871948242,94.65098536126419,290.82216662304916,164.05241609694144,323.53955193796503,74.32942592771735
44,90,Car,0.7253773808479309,807.8465230828348,293.32713162548913,852.867480495528,320.4419562801639,3.6451204008583753
44,75,Car,0.653628408908844,669.3359044590122,286.27379397560316,694.9063005063088,304.68840005513124,1.041384249052158
44,74,Car,0.8506940603256226,528.0633406263763,290.08369950030755,561.4308750529054,314.9555632622186,0.5332595675402785
45,93,Car,0.8052512407302856,71.91277525616022,291.82032171855496,146.12254188488424,326.32624232321643,75.18156300322718
45,91,Car,0.5342807769775391,325.26152012283984,288.45331710630256,345.8157581534767,302.5518450429433,25.429980653462703
45,90,Car,0.7830969095230103,808.2431235189084,294.11260300287813,853.681012521634,321.38433473294185,3.5466167271364375
45,75,Car,0.5158859491348267,669.5670723755036,287.50070627170675,694.8640636837101,305.93866512916946,1.9711688266314369
45,74,Car,0.8435186147689819,527.5911441562356,291.1331120535206,560.8804484893468,315.8818393506229,0.958710768523809
46,94,Car,0.418471097946167,214.2330725775476,290.83588979472574,237.25312543459665,304.86177121070773,0.0
46,93,Car,0.7645695805549622,47.17794679966042,291.92935063522043,126.89035058674583,328.3277422889048,74.7155173993946
46,91,Car,0.5008482933044434,322.03810879471956,289.0329582984771,343.0534410403665,303.4734679823869,25.401093611589467
46,90,Car,0.7958042621612549,809.2271628488277,294.8119298971672,855.2365008144807,322.2713744518339,3.744508209030494
46,75,Car,0.5754456520080566,669.9145014236314,288.4865232304877,695.7961380026965,306.8370888457481,2.8776227436505724
46,74,Car,0.8491910099983215,527.4756446635957,291.9770197895367,560.6768372207622,316.57096811508825,1.397663871769564
47,94,Car,0.46389296650886536,210.2505536610405,291.3517684038257,232.06212676469949,305.28415469382145,44.675966725756474
47,93,Car,0.8170167803764343,19.280338172183576,292.3436821648058,104.61856450959952,330.54674760063943,75.5786263411054
47,91,Car,0.5321319103240967,319.073759975027,289.6180803890678,340.47841143136907,304.4120916985527,24.971450312335925
47,90,Car,0.6988034248352051,809.8437231035603,295.2495279818349,856.4890986587902,322.7995652071249,4.189008423496196
47,75,Car,0.559760570526123,670.2415138481356,288.98081119974654,696.8115400412287,307.37149942067583,3.407665348593611
47,74,Car,0.8537024259567261,527.4614193996555,292.5730789535476,560.5297086335371,317.06317424773096,1.772928218850511
48,93,Car,0.8409906029701233,-2.266998704233714,292.90801081545476,82.91563713819772,332.0587624162449,73.92854591418637
48,91,Car,0.5367722511291504,315.9255099880684,290.0032144009806,337.5750933853472,305.1178632194876,24.76757009678118
48,90,Car,0.7516141533851624,810.4931111143595,295.62721531816646,857.6546686801818,323.2267662809985,4.334453923772873
48,75,Car,0.5870641469955444,669.6787691671681,289.2324603248891,696.4548444375504,307.704477555792,3.69621508014701
48,74,Car,0.8514698147773743,527.417760253145,292.77430606763807,560.291731668187,317.16167790044625,2.040230220129108
49,93,Car,0.7345271706581116,-14.030407630321847,292.67472082881824,60.770014429024116,331.63213797824966,71.6795755395839
49,91,Car,0.4079809784889221,312.33888558051507,290.1564473866053,334.430999584693,305.5312883948538,24.84186902655663
49,90,Car,0.7824375629425049,810.6655981784052,295.3981381510249,858.621056525802,323.04589279184574,4.356882343560245
49,75,Car,0.596815288066864,669.5899896244948,289.2080180531542,696.3522611418882,307.6582143606797,3.751768971139114
49,74,Car,0.8578909635543823,527.4306709297721,292.7792925595435,560.2298077688506,317.048804226582,2.2783742014909953
50,90,Car,0.787799596786499,811.2806655903264,294.61647880508934,859.441456445038,322.42623354379526,3.9811899061240994
50,86,Car,0.46731775999069214,195.37553030161274,294.51321537149,232.5533617111666,316.45236846190494,0.0
50,75,Car,0.5873235464096069,669.5569979482672,289.0152075033331,696.0682442396986,307.47946672993265,3.416155513679045
50,74,Car,0.8551496863365173,527.3143746151005,292.4740517847935,559.9223592375087,316.6280365204396,2.12139241902827
51,90,Car,0.7641509771347046,812.4049966363052,294.59880840964865,861.1442175051793,322.458591388297,4.222908494122674
51,75,Car,0.6541220545768738,669.8240483098128,289.1461709106766,696.0814169809661,307.63429610642595,3.2066224376793238
51,74,Car,0.8532296419143677,527.4157089848104,292.61341988371504,559.9705185321134,316.6604729342451,2.012461191604945
52,90,Car,0.7555795907974243,813.9198650253819,294.97345729573027,863.153284441028,322.6516764178885,4.697300896596693
52,75,Car,0.6287146806716919,670.1741489058816,289.2909579989886,696.3087403481811,307.87105792812235,3.123810089308347
52,74,Car,0.8546175360679626,527.5639856957135,292.855774985609,560.0451317823303,316.7891310419631,1.911263872526582
53,90,Car,0.7915407419204712,815.2383552822421,295.5996834525352,864.5569901681929,323.4351032288209,5.333467651668633
53,75,Car,0.6170158386230469,670.4447930152085,289.9369306382029,696.513934133674,308.44908365621365,3.202717473051488
53,74,Car,0.8559852838516235,527.7991832021701,293.1893087887578,560.3368618156803,317.01800948063055,1.6818606437370942
54,91,Car,0.4162607789039612,293.55249119167235,292.0329719164667,318.5533934666133,308.1462846468216,25.53132263682706
54,90,Car,0.7573153376579285,815.582323793239,296.55212507685343,864.5710995470405,324.36356010357935,5.1285424144459935
54,75,Car,0.5432993769645691,671.0038636083693,290.60874461073246,696.7771573445132,309.1738848242066,2.8979589508557795
54,74,Car,0.8381274342536926,527.9085588763439,293.7851913961386,560.4523649461635,317.5216505478424,1.356557786602763
55,94,Car,0.5884220004081726,171.50703029620996,294.57461236082173,197.43987707760635,313.2691627031217,33.470257375498896
55,91,Car,0.4334600865840912,289.5384950192532,292.82542918916454,315.0665972955711,308.8293489120781,26.114380450339816
55,90,Car,0.7873449921607971,816.0662318940388,296.77713081972547,865.2729026693044,324.60659658559814,4.693262135595985
55,75,Car,0.5975000858306885,671.3407898903843,291.07592335818674,697.1683788419939,309.6838619747364,2.4643614528238604
55,74,Car,0.839588463306427,527.8052191745758,294.2197082894895,560.2326970531246,318.0296220597959,1.1664621406486455
56,98,Car,0.7478954792022705,91.73009798401729,297.9896636303731,155.9894759924701,325.8029386246666,0.0
56,94,Car,0.4745510220527649,165.5856222689478,294.32254279736435,191.97194476773737,313.1921938149428,33.86475759170686
56,91,Car,0.5288606286048889,284.8678387335751,293.13981124843497,310.88213299897154,309.1116464844987,26.8179557365725
56,90,Car,0.6380282640457153,816.9587451736274,296.67635912053953,867.0179263120694,324.69322700225615,4.806099865155605
56,75,Car,0.6264846324920654,671.8227129224533,291.3463300387707,698.2246158840535,309.9104551768329,2.321519699042642
56,74,Car,0.8309515714645386,527.8178405311046,294.52656761006034,560.1174997273813,318.2622109686736,0.996292445335054
57,98,Car,0.8070708513259888,68.56627144309695,298.12997982045493,138.49287347274247,327.7686704877639,92.72535489097226
57,91,Car,0.5510167479515076,279.7046262678947,293.0519476996018,306.0969649307058,309.0523427441452,28.099905454305656
57,90,Car,0.7137062549591064,817.7398804411713,296.28772872332206,868.0006914956654,324.43747819237376,4.713725878225597
57,75,Car,0.6593805551528931,671.6026444082099,291.09326261409007,698.3636142465832,309.7411239450167,2.1984533514553086
57,74,Car,0.8228972554206848,527.7391057954704,294.41108586730985,559.6901398181768,317.9668547435346,0.7826060598191178
58,98,Car,0.7578575015068054,42.602377574098604,298.44157390197597,117.96812727536886,329.6077735507473,94.48657988623187
58,91,Car,0.5991301536560059,274.8155560989986,293.95594621705214,301.553624349707,310.1313274800411,30.690020375797967
58,90,Car,0.7596283555030823,818.4500188995656,296.56409692038045,869.3702505722084,324.9504414350851,4.963542088125147
58,86,Car,0.6526551246643066,180.4512877295093,300.0467242382313,213.69718613740903,317.7139870660058,16.455951376500224
58,75,Car,0.7029052376747131,671.2322503007764,291.82270142313837,698.016001319677,310.618621691061,2.586310218437768
58,74,Car,0.8168362975120544,527.6268192907245,294.9206843557183,559.4333062598417,318.4657290618371,1.1494796199724304
59,98,Car,0.8254939913749695,14.867426585199667,298.58989365553833,95.72565286043583,331.3104292912603,94.38736347406899
59,91,Car,0.5948646068572998,269.40684773387716,293.72240729094403,296.5785093828698,310.0102503895157,31.795537126181763
59,90,Car,0.7377691864967346,819.2784586980445,296.33711757566016,870.1168972863761,324.82338227978425,5.034496882066518
59,86,Car,0.39322707056999207,171.54328209340494,300.4956228431253,204.02605056820275,318.0850125783093,22.560654486317876
59,75,Car,0.6631399989128113,671.1773645268563,291.71923469645907,697.6626911555404,310.6062032452173,2.64400176081851
59,74,Car,0.8220571875572205,527.8290392864994,294.77189956129564,559.3781671417455,318.15910286915414,1.2279240680439756
60,98,Car,0.8261607885360718,-4.546860225836539,298.7588260990064,74.26808390378332,331.85612198797895,90.82094396034061
60,91,Car,0.533977746963501,263.6784552094516,294.18086043918333,291.4930894064464,310.75859174069024,32.87110623828536
60,90,Car,0.7919153571128845,820.6449789762858,296.33944194907065,871.7866250828597,324.9296184253333,5.075096724991444
60,75,Car,0.705750584602356,671.2365472937581,291.8251066544989,697.7729865559768,310.8569095806457,2.6277453448694588
60,74,Car,0.8243465423583984,528.0035759741785,294.8147558632491,559.5307604444225,318.1171446040292,1.1783142222281089
61,91,Car,0.436982125043869,257.73929475212293,294.3545226952929,286.25104021221915,311.20399323221324,33.89945140611762
61,90,Car,0.7936460971832275,822.4011924514135,296.6894429486738,873.3766111007077,325.30310945932763,5.034596854799754
61,75,Car,0.6758423447608948,671.3565280603746,292.41496094703444,697.9128826398062,311.4155279264193,2.852779187633167
61,74,Car,0.8225312232971191,527.8620204264936,295.1993217497039,559.4243647541065,318.5294095096532,1.3169338565796824
62,94,Car,0.5110746026039124,128.9919326537447,297.19599916523026,166.57497872800133,320.7473361020572,28.212652210188836
62,91,Car,0.3059544563293457,251.9132423662554,293.50679588032006,281.39414262029504,310.72855133704195,34.30553781147393
62,90,Car,0.659916877746582,823.6097020823679,296.8855344650996,874.574472922553,325.57688004300365,4.889684991561922
62,75,Car,0.686579167842865,671.5434539982652,292.3419539596107,698.3372346532888,311.38936992595234,2.3986772021205844
62,74,Car,0.8190866708755493,528.1420182589716,295.0156702070834,559.6763382384095,318.25187085349603,0.9930631376712016
63,94,Car,0.3869919180870056,115.93520618576262,298.76784650895985,153.97208977926033,321.9527947959505,31.390575268499553
63,91,Car,0.5725640654563904,245.29995008784903,293.5777050006583,275.90433337424673,311.0386009971645,39.091561990778374
63,90,Truck,0.5629042387008667,824.323399010943,296.91758336883305,876.0331679235161,325.62168684148986,5.295830793627532
63,75,Car,0.7094205021858215,671.5920682119291,292.1564137479923,698.6465795452197,311.1675196864947,1.7005353314216467
63,74,Car,0.8134188652038574,528.1101562807429,294.86078852520757,559.4382872291266,318.03518586259133,0.5776161319586453
64,94,Car,0.5537739992141724,99.66800006013766,300.3669800603293,139.0674675137046,323.2048178692013,35.232478052286766
64,91,Car,0.3953682780265808,238.30680514279106,293.8852556046892,269.7480528284096,311.43366912789713,41.294219112509225
64,75,Car,0.7110914587974548,671.6950287359699,292.05379426894115,698.935401191898,311.14545958545693,1.2699636762242004
64,74,Car,0.8026504516601562,528.1491854163822,294.857663835344,559.3670172853066,317.88265551471517,0.23336109899690816
65,94,Car,0.6359772086143494,80.80386839124567,302.44386087581745,122.45590371973655,325.0883378498961,39.26253869149849
65,80,Car,0.8094868063926697,825.9977187788719,295.7271144577957,878.0111058477279,325.2398002180816,3.9596416962840593
65,75,Car,0.6747758388519287,672.0073918282732,292.3324966338016,699.7086389326588,311.5048513104798,1.2021559594619635
65,74,Car,0.8004279136657715,528.3022867978902,294.9851292128258,559.5840724233874,318.1233114055735,0.10482442649767387
66,94,Car,0.7476789355278015,61.232767739221195,303.54587044278287,104.83220733759919,326.5048124699222,42.26017205306977
66,80,Car,0.41736817359924316,826.7821696800412,295.39954231096874,879.6768931415544,325.237763185492,4.143862009309149
66,75,Car,0.6369216442108154,671.8351822311262,292.535886424694,700.0510806169171,311.79187081872874,1.552595189134288
66,74,Car,0.8177510499954224,528.3001959344328,295.07292030384565,559.5686973372347,318.2449682663814,0.33586349356553924
67,94,Car,0.747743546962738,38.50927910893476,304.48374305962193,85.12841032409757,328.4294868117005,44.29039434134994
67,80,Car,0.7164221405982971,826.823069354849,295.4349185960299,879.5309768554554,325.3096867989956,4.190597790360946
67,75,Car,0.6778577566146851,671.9619427999334,293.09796744861603,700.4987564791164,312.4277399559977,1.7279510058378507
67,74,Car,0.8307879567146301,528.3036709767467,295.746931837908,559.7023185574297,319.0477818716391,0.5460501217797351
68,100,Car,0.6714531183242798,82.39471084964109,300.2540776750907,117.70359474919883,317.55633429308784,0.0
68,94,Car,0.7437956929206848,13.803468731685907,305.1861089817276,63.18744275099061,329.9881501970589,47.60754329267587
68,75,Car,0.6886841058731079,672.1451525148018,293.40383142626297,700.6124559963848,312.7537696425295,2.124118929118693
68,74,Car,0.8322237133979797,528.1623709278588,295.98349989802176,559.6384940446223,319.3858998031597,0.8042841215011451
69,100,Car,0.4808019995689392,73.37632091197027,300.89328522761355,108.26339058626176,318.0094730620989,72.92131350957247
69,94,Car,0.7904284000396729,-1.8540096289539711,305.70603427862665,44.30528264745307,331.27327305652335,61.81468217017633
69,91,Car,0.42401811480522156,200.5543221432386,296.85312916618693,236.84064175669448,316.5664472727009,41.81286079276623
69,75,Car,0.6939608454704285,672.6154856493054,294.01007846200594,700.9643557274101,313.3504666055279,2.5362841287695317
69,74,Car,0.8293951749801636,528.3962536525233,296.41868023300384,559.8085582694599,319.7970059444512,1.075205805674789
70,100,Car,0.5060016512870789,64.90749346010455,301.36112145268106,99.84753207198872,318.46880055342393,69.83889461909064
70,91,Car,0.5638848543167114,191.2127920906021,297.2794452761319,228.67409421226782,317.687170735732,42.34009513465639
70,90,Car,0.730096697807312,831.027884110122,295.19082995366574,884.7561162437565,325.7598536067389,5.070955059884993
70,75,Car,0.7072787284851074,672.9365849742986,294.2652752777984,701.1805913852471,313.59402725432153,2.4458431360507062
70,74,Car,0.8232032060623169,528.5028297016358,296.57229683924,559.8723066803691,319.89501912781924,0.947703683787822
71,100,Car,0.6165039539337158,55.67420733384272,301.67982901458777,91.71586353599156,319.43477933405893,66.92574422807571
71,91,Car,0.3554971516132355,182.06242595795567,297.5024755153209,220.3242503875593,318.35732402834793,43.41611001790215
71,90,Car,0.7790699601173401,831.7696418935695,294.7881345883332,885.7898071232742,325.60880291734924,4.905340394580831
71,75,Car,0.7353551387786865,673.2123246093581,294.2114161452295,701.5442372080088,313.53161076210534,2.4511023599379342
71,74,Car,0.8186942934989929,528.5348303807107,296.5374584218,559.811202494735,319.8300384464836,1.0125152976641831
72,100,Car,0.5303816199302673,46.23860851885398,301.8397575974902,82.7800716538829,319.6340484593838,67.4969688772145
72,90,Car,0.7604420185089111,832.8514719541416,295.03143701773615,887.5603706420687,326.01564173863244,5.035709080467114
72,75,Car,0.6928681135177612,673.1728536729264,294.40736746760433,701.5925556954104,313.79280417560847,2.5741677994048957
72,74,Car,0.8211771845817566,528.7364864846934,296.4970264033297,559.9926164750266,319.8087132648731,1.1609156340328946
73,100,Car,0.6605578064918518,36.43486968260183,302.59209532622293,73.2925750148758,320.8922969277084,66.79756479266597
73,90,Truck,0.5227218866348267,833.1778589957494,294.92265862041086,888.614006322561,326.10461670489417,4.90308867676847
73,75,Car,0.678881049156189,673.0954486025845,294.4942411362965,701.7932018245286,313.88102374253197,2.592940014714822
73,74,Car,0.8136005401611328,528.7493026225658,296.5339246067882,559.9135883909163,319.848705031195,1.2283675332958874
74,100,Car,0.6890443563461304,26.147649379469506,303.1229552512101,63.79231517171426,321.72456233096466,66.75807275361936
74,90,Car,0.6411827802658081,833.6047497085179,295.31553826661445,889.777581362379,326.5491572121201,4.897742191111032
74,75,Car,0.7135053277015686,673.6070779520517,294.61676425656003,702.8477810718164,314.1139455409591,2.62032624401951
74,74,Car,0.8059121966362,528.9523204036092,296.99946737839866,560.0224845056367,320.18688317100066,1.3651815512312473
75,100,Car,0.5076998472213745,15.21572442856587,303.67812608396633,53.70044577991613,322.5540055712508,67.15314542313837
75,91,Car,0.707233726978302,133.37299094781784,299.5302486353182,178.49111671038835,323.03553011051446,45.735003158665094
75,90,Car,0.45307019352912903,834.2925838976519,295.5965514730026,890.9656842093302,326.94194751376006,4.716175867797136
75,75,Car,0.6687947511672974,673.6008978736658,294.79843619853546,703.3050852285995,314.41958146034983,2.6787474737074977
75,74,Car,0.7888948321342468,529.0646220914629,297.21998008805537,559.9098871510329,320.3235425047498,1.4179239612124896
76,100,Car,0.7072773575782776,3.9587486867642454,304.1136554655788,44.51904409380436,323.76505578196026,65.24296138571553
76,91,Car,0.7135195136070251,119.26226777061505,299.78609649916075,166.39332116129538,324.0829412378022,46.9123244133518
76,90,Car,0.6086799502372742,834.7732028699465,295.90486944371946,891.9886520020323,327.5294056010208,4.413632813904533
76,75,Car,0.6860225796699524,674.0409947200862,295.14968689781955,703.874468658081,314.9586304224675,2.69735656759662
76,74,Car,0.7793976068496704,529.2148733028623,297.63646109072005,559.8876484211605,320.57398373584095,1.172998102608155
77,100,Car,0.6778731346130371,-2.4272443619700717,304.8681018607816,37.57452403299534,324.8659998567283,62.02455271098752
77,91,Car,0.5753070116043091,99.71965635909021,300.25367925097254,150.73034642475727,325.88842575580185,48.42701013362
77,90,Car,0.6452651023864746,835.775942054258,295.94527549437953,893.7870946690829,327.75084673812455,4.443057191978263
77,75,Car,0.6311803460121155,674.0126932927351,295.24317885295346,703.7905979253142,315.19382583835574,2.487158789134294
77,74,Car,0.7890059351921082,529.3521576913658,297.79711668319186,559.9275971347813,320.61660879537857,1.1123808213991004
78,100,Car,0.5823367834091187,-6.79489539776262,305.0676678732167,28.168785139657462,324.65144629047677,61.51662951520716
78,91,Car,0.7106744050979614,81.64947387890312,299.90133381353195,135.71133046036567,326.68441674297657,49.890843184314896
78,90,Car,0.555105984210968,837.3309379286491,295.76885372422925,895.1058249163684,327.68699549956403,4.524692999302328
78,75,Car,0.6281660199165344,674.3804466854983,295.12670739935413,703.9029281508426,315.137348713886,2.07172198342854
78,74,Car,0.7674509882926941,529.3178397881645,297.5381597586643,559.9721062216779,320.30847310718127,0.6452330807436891
79,91,Car,0.7182222604751587,61.36521080569066,299.8457887185566,119.02591348937261,328.014117736462,51.1619083068782
79,90,Car,0.7471420168876648,838.8788393718428,295.76808732578263,896.914963262029,327.74137054939047,4.731937059132421
79,75,Car,0.6589511632919312,674.5917696378513,295.1573391371261,703.8876559070407,315.2346406440179,1.8842816406084402
79,74,Car,0.7702154517173767,529.2857750777389,297.4545998740865,559.9840199219348,320.11383403752245,0.46959602713960913
80,91,Car,0.6895690560340881,39.84512176220513,299.80900176330795,100.89043581995622,329.07276936748815,53.06266072866903
80,90,Car,0.6447218060493469,839.7613808361107,295.52227806463304,898.0497285550161,327.59368954677575,4.778409062712561
80,75,Car,0.690360963344574,674.7830332044914,295.03325271479514,703.9637319988003,315.08431624384514,1.7368006429126217
80,74,Car,0.7777190804481506,529.2936174914403,297.32612696405477,559.8938882348166,319.9379990477921,0.4078529104906734
81,91,Car,0.7586813569068909,16.807703043153943,299.7787929345425,81.50562296955036,330.1665042240162,62.84112892093926
81,90,Car,0.7227697372436523,840.3980784523926,295.8150459232162,899.1023887246024,328.1601176868078,4.4779374685387126
81,75,Car,0.6782307624816895,675.0304619348633,295.2398998987907,704.1354073020016,315.36531565221736,1.8688333437854778
81,74,Car,0.7596520781517029,529.2240344089035,297.44163944877954,559.7329531187689,319.9968074392072,0.3841924618329902
82,91,Car,0.6753793358802795,0.24721906102330848,299.29045105390514,63.892996406407455,330.5457137571077,64.07952168410527
82,90,Car,0.7201038599014282,840.9990949381345,295.44371596007863,900.0125135875423,328.0047701244622,4.461998307389305
82,75,Car,0.6966508030891418,675.2698533832742,294.99199730139,704.4458870989587,315.19916174332644,1.9141791570524713
82,74,Car,0.7607428431510925,529.1802838231059,297.22043349517725,559.5772442380002,319.83398582140836,0.22500539451533608
83,91,Car,0.7058002948760986,-10.225486255838945,298.64698045232524,45.41301710099314,330.30560215006915,65.28419860347904
83,90,Car,0.77093905210495,842.1537937830905,295.461178387223,901.3508842564735,328.2691576838262,4.619756071562194
83,75,Car,0.6981325149536133,675.0380670355132,295.0814819766304,704.9888931023413,315.485217582727,1.4763150775793488
83,74,Car,0.7577753067016602,529.1800732643221,297.1047129800605,559.3728469006849,319.74750652979617,0.1782597304140222
84,90,Car,0.6963925957679749,843.532814796801,295.23102093540007,903.2058848880006,328.3028612690362,4.876538822696463
84,75,Car,0.7130715847015381,675.2362018757336,295.0469755085147,705.4132317324683,315.540926357858,1.4588061390128808
84,74,Car,0.7626444101333618,529.018859981,296.94130249521436,559.142658765399,319.5855020202947,0.43116823502542
85,90,Car,0.7617566585540771,844.586926279143,295.4889793951838,904.4711145645558,328.6928824476259,5.0390271068748
85,75,Car,0.7442314028739929,675.4843968918836,295.2510419446304,705.6191504959614,315.8373593070967,1.2151272492574898
85,74,Car,0.756991446018219,528.9538612153352,297.0407754346199,559.0134439418642,319.63098822229307,0.634832662233694
86,103,Car,0.7083919048309326,118.04032622812466,299.34214054595606,162.05563359004546,323.4326390903006,0.0
86,90,Car,0.7730709910392761,846.4954247010999,295.7445825729523,906.6278899963477,328.93998030447705,5.327772410572335
86,75,Car,0.6646631956100464,675.6544055102933,295.4294972646318,705.4998439359898,316.0560415610305,1.2766950575424756
86,74,Car,0.7533660531044006,528.9192294246031,297.2340381065473,558.9088879637984,319.69407406189526,0.6935949046169102
87,103,Car,0.5811252593994141,99.25593699063819,299.25748064159836,148.0788319782072,324.4790706957649,87.71584566865623
87,90,Car,0.8269403576850891,847.2713175413631,296.02828853455327,907.7271426261278,329.2820391504003,5.105691203068094
87,75,Car,0.68883216381073,675.8579786487353,295.5539586224093,705.5725388650999,316.17562804963796,1.2626185701882986
87,74,Car,0.7559759616851807,528.7619853964055,297.34908100095055,558.6577177583935,319.72997236086763,0.6774628625717057
88,103,Car,0.6214094161987305,77.74487273461585,298.9167954387409,129.16518844067633,324.7494204867887,95.62354959976891
88,90,Car,0.7868970036506653,848.3270196948761,296.11793391681925,909.177490294061,329.5260568344011,4.89747333736093
88,75,Car,0.6764980554580688,676.4214830146302,295.830817654186,706.0236933314716,316.4958705973905,1.6014404657818495
88,74,Car,0.7473263144493103,528.7839573903334,297.39458827787877,558.6055438004812,319.7073113723515,0.6511891723810128
89,103,Car,0.6323848366737366,53.841435777859786,298.7866782272527,107.06878780049693,325.01995043594667,102.22817576489992
89,90,Car,0.7466309666633606,849.6431961982652,295.8949395844819,910.8468199515172,329.5153538114532,5.085005339880907
89,75,Car,0.6022934317588806,675.9642315660827,295.8753521802687,705.8734024770944,316.5688256544863,1.402132773403256
89,74,Car,0.7399740815162659,528.8077955544967,297.4683962035604,558.6172816109387,319.7518941948567,0.5933674404521894
90,103,Car,0.7362346649169922,23.94807749093644,298.93835665409546,81.36988358071527,325.83678847639015,109.65590539628984
90,97,Car,0.48775893449783325,238.25354112972687,299.0576299492616,267.0401215655618,314.92955315245877,0.0
90,90,Car,0.7808477878570557,851.0242614886628,296.0490514895483,912.3745893486829,329.89641162978404,5.313442444934937
90,75,Car,0.6329280138015747,675.6661316597501,296.1081668158062,706.0905542606195,316.9887939670435,1.2911238252065835
90,74,Car,0.7491169571876526,528.8403379711572,297.76393617134886,558.6804787124981,319.89341707795245,0.4923607255779617
91,103,Car,0.7536070942878723,0.10372520787031192,299.857416444626,57.21880387306458,327.33603728747914,109.46811591252026
91,97,Car,0.6914297938346863,232.6256955962116,299.29215205499867,261.5868461058094,315.3584723710032,46.638871904233824
91,90,Car,0.8487103581428528,851.6066756705765,296.77008774445414,913.8171897097637,330.91547516338915,5.442293549974645
91,75,Car,0.7154929041862488,676.2444399766231,297.02778616768154,707.5086718332201,318.10082219549946,2.2699593299675
91,74,Car,0.7731163501739502,528.9969439986045,298.3409894573719,558.7796700333341,320.31943509839795,0.6421767072211858
92,97,Car,0.6349994540214539,225.93075069790166,300.63028035370576,255.89592578129577,316.88540568271833,49.27145783983731
92,90,Car,0.8380612730979919,852.4324816312225,297.6612228098476,915.5444332196745,332.11305166923194,5.487559902097039
92,75,Car,0.689979612827301,676.8846726166736,298.0790591300265,708.3219379162618,319.3486283119489,3.0313108149098604
92,74,Car,0.7835142016410828,528.9558490417152,299.336943733321,558.680126064936,321.3833134872895,1.3523438504834477
93,97,Car,0.5729069113731384,219.04540493794218,301.82689239991237,249.64426758607198,318.4222871947169,50.348582732414854
93,90,Car,0.8627044558525085,853.5936594395286,298.49481528595,917.6723029203116,333.1870728781741,5.587394429346991
93,75,Car,0.7308785319328308,677.3795756427611,299.37712759263593,709.248136290456,320.6283048566198,3.9367722075014178
93,74,Car,0.7094915509223938,529.0746156126777,300.3946525989795,558.7882569182395,322.5707347542261,2.179884137381847
94,97,Car,0.5710540413856506,211.1920297243551,302.32387211709107,243.31635177656773,319.32959925059805,50.96583207317433
94,90,Car,0.8019405007362366,853.9500057489096,299.20722985473503,919.0798871887304,334.15265319585535,5.509041198026677
94,75,Car,0.7428545951843262,677.4877257532181,300.08441908196227,708.8976708779932,321.443558955878,4.108201880292693
94,74,Car,0.707497239112854,529.1712544180672,301.22635974632254,558.6902447507583,323.30497848983947,2.670101384420562
95,97,Car,0.3823256492614746,203.22331293814355,302.98404311121453,236.63129690635182,320.2302519560866,51.73114267416124
95,90,Car,0.8230676054954529,855.4206333504862,299.5371560080296,920.9789724266368,334.7976026184934,5.359573410025903
95,75,Car,0.7342790365219116,677.4322730639738,300.4471908061808,708.7741079417824,321.8862457108507,4.1862824533825505
95,74,Car,0.6876806020736694,529.2844781081691,301.8340093558406,558.6356591377124,323.71001968457705,2.9540606780492493
96,104,Car,0.46355950832366943,241.55963328012461,305.5717325465069,275.2508872889177,320.2739249611971,0.0
96,90,Car,0.8452503085136414,856.6290162485612,299.36028080725396,922.5860693575215,334.97212708355767,5.442568742701749
96,75,Car,0.7203753590583801,677.8747002448398,300.5166420402376,709.0373191828359,321.95158712379765,4.21860896585017
96,74,Car,0.6705111265182495,529.3163884672848,301.90162822321696,558.6753117418706,323.6801127206324,2.934744736364021
97,104,Car,0.49142736196517944,233.13653067823284,305.0603886422981,267.0250658909046,320.22827373068685,74.13235927920006
97,90,Car,0.8704639673233032,858.26707280635,298.85803689910375,924.8991166458633,334.74150901468767,5.615378682932885
97,75,Car,0.7241709232330322,678.6675938794393,299.9926193731736,709.6385899686694,321.60950157331695,3.806751305751151
97,74,Car,0.7146006226539612,529.2098416754136,301.20747618629457,558.639530224445,323.19055886377555,2.494172616381343
98,104,Car,0.41314181685447693,224.52361232830427,304.44867282597835,260.0660358083612,320.44633401903906,68.0054191337304
98,102,Car,0.38475751876831055,177.41126249405107,304.5331367288769,214.61998131931892,321.2062353752791,0.0
98,90,Car,0.8550165295600891,859.702251419386,297.94306670307066,927.7174925812798,334.0194121792562,5.761814947986106
98,75,Car,0.6641334891319275,678.4171177573159,299.11262866537146,709.5358049607054,320.89776385390877,3.34925623098449
98,74,Car,0.7371332049369812,529.1274520994137,300.50478163575724,558.4666295817289,322.61091624281653,2.0009703843044226
99,107,Car,0.36064931750297546,282.4085545748593,300.6892482613429,301.8187839375157,313.9261517197953,0.0
99,106,Car,0.3759017586708069,257.34352365455777,304.6252051096019,280.3102015600881,317.05115573896205,0.0
99,104,Car,0.36856281757354736,214.65200536860362,303.70718532697856,251.00645012433347,320.4010276893291,68.98263209398688
99,90,Car,0.8598729968070984,860.8381504475693,297.16603788705385,929.2664354054244,333.47380138105535,5.6011137718668955
99,75,Car,0.6392512917518616,679.1166457678681,298.54493701803455,710.2304446682575,320.4171272072239,3.289237157899323
99,74,Car,0.7349775433540344,529.0333135441105,300.18657732794196,558.30880327397,322.3745353037469,1.658674835331344
100,107,Car,0.5088825225830078,278.9675499629972,300.56137127348313,299.3829815694749,314.24478684082305,29.00543297596864
100,106,Car,0.458523154258728,250.92378218456426,304.2989322911364,276.26294313151186,317.8092940945476,52.339354583318965
100,104,Car,0.5832093358039856,204.1313331294381,303.326107333291,241.58276910169124,320.84166370181197,68.51544415876921
100,90,Car,0.8628436923027039,862.4782459275899,296.371510362993,931.2885628565363,332.84476357259683,5.83665669926939
100,75,Car,0.6398879289627075,679.0482603616476,298.0780375774189,710.8862994722344,320.0962642590562,2.347276369756057
100,74,Car,0.7595244646072388,528.9249655720218,299.9167737039474,558.0645323598471,321.9768680003859,1.1313353335504122
101,107,Car,0.5076266527175903,275.50157826645375,300.8900883432735,296.6448575949672,314.92297042661215,29.197791394554798
101,106,Car,0.49236977100372314,241.94312556901428,304.1204156908585,270.55254668844367,318.61691061585077,58.623756642627676
101,104,Car,0.6532103419303894,191.87886130405465,302.9970589981882,231.445430337389,321.5894991929749,67.88665382293041
101,90,Car,0.8650582432746887,863.6699630640754,296.34957354976376,932.8353445137844,332.96096905293,5.844934566800853
101,75,Car,0.6700904965400696,679.2992652786785,298.042197681577,711.4098041050682,320.1316317685105,1.8853416745295077
101,74,Car,0.7646908760070801,528.903460292135,299.7942119988734,558.0204360362462,321.7231718047394,0.36556537938843076
102,107,Car,0.5232180953025818,271.5680280783825,301.0932953656113,293.967981631639,315.35287079217005,29.63394108489281
102,106,Car,0.3977935314178467,237.05817521581753,304.06355224684074,266.61243055996437,318.626725664905,52.52704303785708
102,104,Car,0.6281419396400452,178.7943130677733,302.98690521824307,220.79844485552385,322.5368994456823,67.45295090189003
102,102,Car,0.722253143787384,135.18582815186505,303.15821981523027,177.09013917614874,322.9883723870681,67.87077553035026
102,90,Car,0.8783459663391113,864.8799582791662,296.02295373834494,934.4424201259912,332.7517751696932,5.759774679128792
102,75,Car,0.7112975716590881,679.5720425087105,297.8849710065261,711.7167018927488,320.028182882045,1.730472247469222
102,74,Car,0.7629676461219788,528.8882532431693,299.57606636482024,557.9022694582762,321.31156908373544,0.8067994619202122
103,107,Car,0.5765933990478516,269.2173295142076,301.3928504038678,292.56401016813055,315.8348071492038,26.404504922889597
103,106,Car,0.48771578073501587,227.88683361734797,304.0411068641105,259.02382369280906,318.95373557909716,57.43979124203703
103,104,Car,0.5292180180549622,166.2986333562196,303.4651724110251,209.51227401667424,323.32790792857367,68.45330136611382
103,102,Car,0.6214964985847473,123.60893243670857,303.0564807042828,165.6554024648006,323.68461525249637,67.25858679916163
103,90,Car,0.843244731426239,866.4239731193593,295.83922744612113,936.6528115767692,332.97461103772724,6.13744508810983
103,75,Car,0.7111732363700867,679.6169124766631,297.92105984359637,711.9178866896012,320.1933151151587,2.08042777557287
103,74,Car,0.7645455002784729,528.7565493955267,299.44828564762844,557.8351317840043,321.10928934823215,1.4444337982382336
104,107,Car,0.5885263681411743,265.4874685207857,301.27257247910336,290.09335914731037,316.1739889310403,26.078863092122976
104,106,Car,0.6159951090812683,217.79733560839662,303.74057420810874,252.69299754688814,319.43510028533495,57.78649708557434
104,104,Car,0.35459673404693604,154.15492533205503,303.09162412620253,197.3811306200447,323.3283274530163,68.9100240978752
104,102,Car,0.6779210567474365,108.91374888593194,303.0263454637153,152.38636940258468,324.5197539058771,68.43333441804673
104,90,Car,0.8659642934799194,867.8005934425089,295.83797110097487,938.3197735134911,333.2634433752627,6.047618583305816
104,75,Car,0.6968225240707397,679.8230816621221,297.8394573857012,712.074090615936,320.1707500502287,2.4002327219693287
104,74,Car,0.7462228536605835,528.7310569450176,299.4699859134696,557.746757162814,321.08790294695166,1.8007832664786307
105,107,Car,0.656341016292572,261.48177863507834,301.0624876640723,285.9349393478902,316.22199241989557,27.38919715850181
105,106,Car,0.705470085144043,207.0422161128573,303.50855414411626,245.01883393016797,319.7558332188778,59.27659068955213
105,104,Car,0.4203072488307953,139.61900454890804,302.80551951981,183.97744997547653,323.4492057367976,70.19622018338735
105,102,Car,0.5229842662811279,92.81069752567346,303.1930182602508,137.89131227791808,325.3976864260866,70.07164886034299
105,90,Car,0.8348090648651123,869.5569071395381,295.5021679161542,940.4427080560748,333.16401221427117,6.233427813138852
105,75,Car,0.7003597617149353,680.1736221168384,297.6505472536426,712.3764333427697,320.11811429447533,2.4501481978588413
105,74,Car,0.739273726940155,528.5712785715345,299.3901216310347,557.5746870548985,320.89021670265134,1.958195960904307
106,107,Car,0.6826873421669006,258.00796751821383,300.80693865849184,282.6109673412319,316.16160976573417,27.4262713949789
106,106,Car,0.6367575526237488,196.21013286276377,303.5323100080246,237.10494291831435,320.2949640099442,60.03443444440894
106,104,Car,0.3757959306240082,125.7819748434548,302.6618402057988,168.81657308955295,323.71192597646785,73.24171317621919
106,102,Car,0.3647475242614746,96.91897565400345,304.4352443988429,139.85777223512912,326.2195927826335,60.16320402964336
106,90,Car,0.8242903351783752,870.780402648992,295.2265271476075,941.826806259502,333.1974390386914,5.904350863185138
106,75,Car,0.7063187956809998,680.3369437100423,297.53996242344516,712.4111101782134,320.1691208356778,1.9575738255396007
106,74,Car,0.7376846075057983,528.3886959966188,299.38425809107423,557.3654765664336,320.8903947557312,1.6129688819998702
107,107,Car,0.6335621476173401,254.20046602570557,300.790421638015,279.4274447239614,316.2784999448038,27.59763151312421
107,106,Car,0.6445457339286804,184.28561288903393,303.84604348753805,227.25206344840984,321.0233230285062,61.96820346969012
107,102,Car,0.6574681997299194,90.28074899288103,303.4298073390264,138.76029478542463,326.79907467313035,52.3289895002198
107,90,Car,0.826422393321991,872.803867937021,295.07920676047206,944.0942036916173,333.45011371724,5.80079596376677
107,75,Car,0.7310147285461426,680.47361246745,297.6509419456142,712.6781096633674,320.37261034356635,1.8370756894017957
107,74,Car,0.7306207418441772,528.2847422901021,299.41383455964444,557.2512221516096,320.90414231944396,1.2121263739865926
108,107,Car,0.596939206123352,250.10587822201984,301.07211863311863,275.6190181603918,316.44662411173226,28.573817079794683
108,106,Car,0.6419664025306702,173.08553966286044,304.1762655419866,217.55371107465325,321.7389309709921,62.80748119348718
108,102,Car,0.3768976628780365,78.86812302727274,302.9398957287773,128.56165594502556,326.7674842697634,52.30691783435256
108,90,Car,0.8386622071266174,874.5783408813257,295.63536056071916,946.2252019408141,334.26347030081683,5.962218783327645
108,75,Car,0.766858696937561,681.344550334695,298.1212121010162,714.2579220600278,320.9271106961364,2.057354800799233
108,74,Car,0.6700202822685242,528.2830032267153,299.8138545984315,557.2610103770197,321.439715636663,0.7710387984790886
109,107,Car,0.6085629463195801,246.33503445821867,301.7243632356616,272.44169972181254,317.4999356361818,28.400270365313514
109,106,Car,0.6897549629211426,160.0172275752805,304.88159467647296,206.10460982255026,322.95745424202704,66.87101468100896
109,90,Car,0.8485183715820312,876.1396781418395,296.12346045042307,948.7281344271986,335.230376321212,5.9786818223993246
109,86,Car,0.39201241731643677,15.08236973988932,304.3986260518888,59.572727848982055,330.4722241102215,15.536537983764925
109,75,Car,0.763434112071991,681.726702953302,298.6207297449727,715.0635056992883,321.5504391970539,2.3355767350267658
109,74,Car,0.7333972454071045,527.9981992705475,300.67904378070085,556.8201855609309,322.2364610137111,0.8348298378126536
110,107,Car,0.6477505564689636,242.45297604384743,302.0956733034388,270.11581128123134,318.315369847913,27.63067086797702
110,106,Car,0.7132523655891418,146.56399811228195,305.22658999718595,194.208469018672,323.83710559327955,69.25104977860467
110,90,Car,0.8585863709449768,877.7446998697211,296.9694573459611,950.6120398748236,336.2065482894042,6.132933546337797
110,75,Car,0.7111859321594238,681.9339468279586,299.2154633538205,715.562765121932,322.1859267647659,2.4539989380505216
110,74,Car,0.7685112357139587,527.8827172990747,301.37345575192865,556.5326220400608,322.8684477871418,1.2922174188486013
111,107,Car,0.6791514754295349,237.79490085330033,302.41558270119407,265.9464965436615,318.7204474654081,28.506365205778554
111,106,Car,0.6374399662017822,132.00791476953094,305.3916241255069,181.46130586007814,324.7360926882338,73.79890353068747
111,90,Car,0.8527848124504089,879.3841713068186,297.3817618466146,952.735398171536,336.88469329333986,6.313542920762366
111,75,Car,0.7606152296066284,682.1888591310665,299.7235732762655,715.6186192828004,322.74285558237204,2.590705490756294
111,74,Car,0.763113260269165,527.9291457723697,301.7856285760905,556.4577787411639,323.1291166707,1.647998602875176
112,107,Car,0.652083694934845,232.89840830733786,302.67561405949476,260.64370418051396,318.91099846022706,31.587628357848605
112,90,Car,0.860762894153595,881.4873666582122,297.3804268013081,955.4753538792166,337.14699754018704,6.481119036081083
112,75,Car,0.7523062825202942,682.5882620516423,299.9605581718562,716.0534044891511,323.10454671487037,2.806750090800465
112,74,Car,0.758968710899353,527.8789254939081,302.0909821262977,556.3088248541114,323.3480467176081,1.9198118042104522
113,107,Car,0.6380079984664917,228.47035617973697,302.6607323891116,256.02724720998526,319.0391696116289,32.60858829192988
113,90,Car,0.8664224743843079,883.1828033319886,297.32754768777056,958.0701223574903,337.28290550096574,6.675299550757417
113,75,Car,0.728698194026947,683.2435200730118,299.93507516466184,716.5704050227149,323.2017940428901,3.0403090886329185
113,74,Car,0.7534632682800293,527.9469368643339,301.91856552332376,556.2516805108954,323.23318458877793,1.8044610704220707
114,107,Car,0.6696334481239319,223.90774820764844,302.5134380745848,251.89540642382084,319.0619817790235,32.514341596302685
114,90,Car,0.8653644919395447,885.0446163651399,297.332489407762,959.973869376951,337.5139365711287,6.637399825798775
114,75,Car,0.6885833144187927,683.8378730196772,299.8056827511414,717.2144422930847,323.1624633642739,3.200172085552605
114,74,Car,0.7340085506439209,527.8230851555185,301.8764271227006,555.9560647834356,323.15698358971423,1.871340790402687
115,107,Car,0.596822202205658,218.26461864277192,302.3253711348172,247.20740631663213,319.140019206831,33.57846223143182
115,106,Car,0.7705167531967163,61.401213383933694,305.51868663725156,119.80522818227074,327.9862346248391,76.58166214746707
115,90,Car,0.8762797713279724,886.7205458456274,297.2051020347199,961.0997982038323,337.5982781714975,6.64462520759148
115,75,Car,0.6996543407440186,684.0878363180997,299.66176969601696,717.4210364538127,323.10167611670335,3.2362352414067734
115,74,Car,0.7441264986991882,527.8917316789973,301.83234356823397,555.9303592049157,323.1416865036643,1.7883182755260907
116,107,Car,0.6133387684822083,213.66967187669024,302.31394471904906,242.7942127023647,319.20437568582844,34.32070481075885
116,90,Car,0.8731611967086792,887.9348472512889,297.02975656072584,961.5358006819787,337.6298053269242,6.12273035759667
116,75,Car,0.720740020275116,684.6656266878168,299.5328223170206,718.5063363542494,323.13477955192246,3.5094905103039076
116,74,Car,0.7102449536323547,527.8647222877893,301.55867440827865,555.8682679774516,322.8766151600296,1.5813344264799019
117,111,Car,0.38185009360313416,242.3636146603023,303.8595642013328,266.0465071762378,317.3233780954562,0.0
117,107,Car,0.5909512042999268,208.48268213068107,301.9029238533385,238.16016415444628,318.9546304477051,34.81433071056785
117,90,Car,0.8677321672439575,889.4805803961457,297.2220661944196,961.922319766128,337.94084625377667,5.718894116153597
117,75,Car,0.6949536204338074,685.5442081068907,299.5453009752963,719.4096621642116,323.10640867627615,3.190096797664534
117,74,Car,0.6750838160514832,527.778910810919,301.40868876836635,555.6939853016096,322.63082669519133,1.2268289249877293
118,111,Car,0.3160855174064636,235.46257007368456,304.11462598331315,259.3245497238699,317.4325666206134,69.07083495807444
118,107,Car,0.504696249961853,203.02611935735754,301.8009387076934,233.2129043779142,318.82290818435274,36.37192602795799
118,90,Car,0.8669770359992981,891.2296133917376,297.1105771152781,962.1814701791587,337.933910707306,5.287579511498426
118,75,Car,0.6923215389251709,685.9285755991953,299.69213004512164,719.6622674638563,323.16322185159254,2.9400644714684425
118,74,Car,0.658014178276062,527.5399288867723,301.3040360305916,555.4124910636506,322.5196395448202,0.7336232655533222
119,107,Car,0.46755707263946533,197.26710775255955,301.6212920676152,228.42460185442056,318.6727642852478,38.212458450145256
119,90,Car,0.8554114103317261,892.9068131171712,297.13907680747684,962.3073529149738,337.91033555493414,4.9525118466640325
119,75,Car,0.7010699510574341,686.3745185677883,299.80855232416314,719.8040705147048,323.29735897267545,2.8250541802167595
119,74,Car,0.6828703880310059,527.4400164573715,301.3609381453169,555.2256653618483,322.5226764969771,0.632969758655168
120,107,Car,0.4100547432899475,190.887819462444,301.7445271986744,222.83155370617172,318.89625435280925,39.36486353242855
120,90,Car,0.8689060807228088,894.4533614317061,297.5533581811684,962.3040220320165,338.3469578791735,4.539669756363954
120,75,Car,0.7069987058639526,687.3811823164995,300.15365902673034,720.504399237466,323.65114231405994,3.2450015740147635
120,74,Car,0.7022866606712341,527.3738971832692,301.60559152255126,555.2272453526326,322.73420191001975,0.6659416417585167
121,90,Car,0.838954746723175,896.5698423776228,297.61141029684825,962.5116934582825,338.3708586989095,4.078798302614056
121,75,Car,0.7104959487915039,687.6590166864437,300.3583394434002,720.8152863958469,323.8967869469564,3.155811636957867
121,74,Car,0.710082471370697,527.4064166957066,301.5862183640535,555.2578384246412,322.75708903367376,0.6648064439884711
122,90,Car,0.8528919219970703,898.3324888349225,297.6707914647379,962.4720745188404,338.5462740947582,3.5995054821998567
122,75,Car,0.7236376404762268,688.2949207360199,300.5506496000198,721.5522551228872,324.1165396445855,3.2300771425486436
122,74,Car,0.726289689540863,527.4628445815637,301.8118154474602,555.1453254930647,322.95241345849416,0.5807466356916512
123,90,Car,0.8417115807533264,900.7357715459008,297.75029344588825,962.7207781456967,338.7300175919198,3.3877086702364267
123,75,Car,0.7114052772521973,688.5195375662634,300.8163391628014,721.8420209185845,324.3293848545098,3.049542072858292
123,74,Car,0.7155495882034302,527.4790530004133,301.9859591654234,555.0381905336061,323.16819429783266,0.44884418668812437
124,107,Car,0.49106696248054504,162.15211072317376,302.66293044215985,197.23842596733195,321.73259629490445,39.57950894951841
124,90,Car,0.8687441945075989,902.7910015139521,298.3962798547632,962.7200721489887,339.7040291514244,3.267302760612692
124,75,Car,0.7336798310279846,688.895632246165,301.40127663236984,722.4476476576604,325.05278659878473,3.3308988370265338
124,74,Car,0.7434542179107666,527.5412819947073,302.45443731877737,554.9264316043241,323.5323565953758,0.6017536061609465
125,111,Car,0.38249751925468445,185.35782420657392,305.26002590269866,215.89751406218642,320.58283191615635,59.06052764225159
125,107,Car,0.544575572013855,154.0748994153416,302.9526006591482,190.58516039778337,322.55232885799944,40.14735898609976
125,90,Car,0.8618528842926025,904.6045111176941,298.430001329971,962.605109751901,339.9289470574489,3.274892803200502
125,75,Car,0.6898890733718872,688.9481417263632,301.42546635359844,723.0751531220731,325.11053928407154,3.0588070348674576
125,74,Car,0.7222183346748352,527.5208427831019,302.5360429131722,554.7162284806661,323.45610992642435,0.7740438249890075
126,111,Car,0.34114742279052734,181.41058818101357,305.6196584935126,210.14514607060022,320.88672895514105,57.464650669961316
126,107,Car,0.48161929845809937,146.43643840541483,302.91213301253424,183.88821726867508,322.8664661001616,41.02657944324302
126,90,Car,0.8226800560951233,906.8040597164619,298.75259364319373,962.6654370419272,340.4173309854804,3.3311662716247237
126,75,Car,0.6271808743476868,689.1872616240462,301.44273517352195,723.6600585015226,325.2405415620148,2.7933496798001674
126,74,Car,0.7240006327629089,527.506766218319,302.70995517922296,554.5626707940678,323.52918615905975,0.9399570161842481
127,90,Car,0.8178952932357788,908.4302840569646,298.9324985703133,962.4641147752102,340.920920584153,3.238861810299922
127,75,Car,0.6320497393608093,688.7117806724657,301.9852545538177,723.8454864913328,325.85008529248825,2.691210877205416
127,74,Car,0.7276709079742432,527.5523661982628,303.1855483752059,554.4750533648727,323.8229840483336,1.2052605030793357
128,90,Car,0.8137643337249756,910.8312642446933,299.1726962004502,962.6383442535541,341.4607788938556,3.3857745551161127
128,75,Car,0.6685656905174255,689.1287788481311,302.4196675972218,724.3512743094793,326.30740565390585,2.893094951833715
128,74,Car,0.7152498364448547,527.3400139571003,303.7124293731238,554.0057738156867,324.13315187633117,1.53375036870964
129,90,Car,0.823067307472229,912.6840449591928,299.328988480114,962.5185681013297,341.7211656666863,3.388121846347382
129,75,Car,0.6695908308029175,689.7421071360734,302.4741476574812,724.8203586601826,326.3963787872544,2.6275991340251377
129,74,Car,0.7252927422523499,527.1296367157007,303.88462405838374,553.6383020273425,324.1388968593073,1.5236292425829274
130,107,Car,0.42090314626693726,110.74299245663656,303.3523409728922,168.8648987683838,325.7820870527413,37.32098782921496
130,90,Car,0.8111538887023926,914.7015087897411,299.08847416793543,962.5090555511744,341.6594677567203,3.302416637638203
130,75,Car,0.6593193411827087,690.0317933056199,302.12565863200416,725.1983492090669,326.1923882938321,2.4567455166184318
130,74,Car,0.7210642695426941,526.7862864938509,303.81122386734717,553.2948040162687,323.91141879841325,1.5871283168537489
131,107,Car,0.5915737152099609,98.96423046952958,303.87095781175174,160.16350772838683,326.87297364035953,38.648028503494615
131,90,Car,0.8182331323623657,917.4282620087273,299.0148597519551,962.7581720163654,341.74126033543166,3.494258521143642
131,75,Car,0.6996950507164001,690.5103542705228,302.0490001384245,725.5890068344331,326.2239553564775,2.239125713981223
131,74,Car,0.7081353068351746,526.637708407501,303.9575623186306,553.0766602328309,323.9521698442951,1.603234978160813
132,107,Car,0.6607536673545837,85.67059914055008,303.9031164691337,148.57433374320442,327.3267629130214,40.853144624005665
132,90,Car,0.8144766688346863,919.8500958474813,299.3386895707195,962.7842397207064,341.8710402591427,3.4830555044925298
132,75,Car,0.7256748080253601,690.4207136329021,301.8882810337827,725.7121335454024,326.17188263922804,1.9968493478998088
132,74,Car,0.7026804685592651,526.2156197682589,303.9015887271749,552.6506368694377,323.8096974195399,1.679249597146078
133,107,Car,0.7205464839935303,71.87635249215117,303.91738063153787,136.0932302152493,327.7581653097692,43.13682207048039
133,90,Car,0.7854548692703247,921.910527778565,299.46093199491463,962.6522227046516,341.842857970424,3.4187557896565486
133,75,Car,0.7634320855140686,690.6605218188696,301.74991036651414,726.2524604530792,326.08364545170076,1.7685308404856785
133,74,Car,0.7109856605529785,526.0093805480177,304.00795446055054,552.4031241834185,323.9624938615667,1.696748303834222
134,107,Car,0.8186376094818115,57.64840668879463,304.3420559319892,122.85619910668086,328.5768492484342,45.58749991949248
134,90,Car,0.8261398077011108,923.954603671183,299.89676616545137,962.5537534007107,342.12324252108283,3.4888526178257004
134,75,Car,0.7415413856506348,691.0439884291345,301.9685416430797,727.2838230001864,326.33249012574936,2.0153526742763757
134,74,Car,0.7096768617630005,525.5224702343339,304.19586395335136,551.9964441190918,324.1705588523738,1.9832109367412507
135,107,Car,0.7150827050209045,43.131434273100034,304.51953001336625,108.98314314548287,329.32063838633036,47.52687129331167
135,90,Car,0.8250446915626526,926.272859567088,300.97874749210075,962.620661609173,342.6853712391304,3.5852513575625062
135,75,Car,0.7039662003517151,691.8401153589986,302.0324128270898,727.9701428343966,326.4729376254366,2.2086450428884907
135,74,Car,0.7008956074714661,525.0943799688051,304.2167890116565,551.4539204053505,324.1003276064779,2.225169088747009
136,107,Car,0.7026470303535461,27.522406909836846,304.85258053100074,94.20315613569383,330.31152844845076,52.56450748801025
136,90,Car,0.8043224811553955,928.9919020142991,302.20131421849123,962.8014735630786,343.3413937574095,3.9486183840516738
136,75,Car,0.7156264781951904,692.2537464098382,302.4108491284565,728.3170625341918,327.03583748080615,2.489525959922008
136,74,Car,0.6861733794212341,524.7816703589355,304.39583341655083,551.1176377322173,324.2357009224576,2.3964593882982537
137,107,Car,0.7261604070663452,11.318684326935454,305.3248348784916,77.89486763085642,331.6871712517572,54.560556778312595
137,90,Car,0.8074045777320862,931.6033451131802,303.45061194995515,962.864215307432,344.07488538372195,4.080089492503522
137,75,Car,0.7354496717453003,692.2374810689176,302.8047138520848,728.4618437874702,327.73923681785595,2.239181294634717
137,74,Car,0.6835610270500183,524.357212094144,305.03511228449196,550.7309806547428,324.57417140202307,2.49553803941887
138,107,Car,0.7901524901390076,-2.024093194203136,304.5473862473644,61.730180012051804,331.614260426014,56.28095277842212
138,90,Car,0.6021236777305603,934.052153680105,304.66449113364763,962.8356167268819,344.57259575173816,4.356093888066023
138,75,Car,0.6972237229347229,691.7735183817866,302.5743950365521,728.5678560482403,327.73136661279796,1.7751940967761697
138,74,Car,0.6590008735656738,524.2048693382945,304.94631633469874,550.5042904717283,324.46491072760887,2.3883641494712946
139,107,Car,0.314169704914093,-1.804310609459737,303.86012484733305,50.793161759333614,330.8388993943656,64.12990437561936
139,90,Car,0.7617772221565247,936.4460889646301,305.93143164183255,962.8128055309004,344.9086046707763,4.665862320861419
139,75,Car,0.6606330871582031,691.5088980751138,302.474328607113,728.709502767035,327.8762781540781,1.5903699897997379
139,74,Car,0.6648939847946167,523.8077459435373,304.80037625632303,550.0202306704656,324.4455780096264,2.4570830669222152
140,90,Car,0.7603282332420349,938.5789971795725,307.0412374313981,962.6789090751518,345.2548509603692,4.715176667469123
140,75,Car,0.7220554947853088,692.2252464157225,302.18244564447775,729.3301376129282,327.7358467846235,1.672589125374446
140,74,Car,0.6531996726989746,523.6778519115154,304.21084696549354,549.7467570323639,324.01463020905004,2.3850290910105203
141,90,Car,0.6977153420448303,940.9264310333012,308.00542986437733,962.6638425470023,345.34090737769145,4.864682735304789
141,75,Car,0.7243385314941406,693.1189452211515,302.09076950232196,729.807647208761,327.92734700424097,2.0523979228958806
141,74,Car,0.637601912021637,523.2094429918693,303.9128573775167,549.3022992543831,323.9015137493806,2.384608934096673
142,90,Car,0.6969631314277649,943.5528055134865,308.5643001867849,962.7587091072102,345.4473499712129,5.1221196848804045
142,75,Car,0.7028484344482422,694.2264864544245,302.3981814077543,731.0404883462884,328.47333492241086,2.556810211685725
142,74,Car,0.6936420202255249,522.7052194571891,304.5776992323487,548.732292391886,324.37215579564264,2.6687092276231534
143,90,Car,0.5697944164276123,945.7691739970423,311.70850753754513,962.6836257585715,346.78315701356036,5.8671754698904675
143,75,Car,0.7078356146812439,694.4784032645988,302.3974220870288,731.1979803573453,328.6293198864893,2.240914968010664
143,74,Car,0.6846704483032227,522.2750506064838,304.58620977109945,548.2326959629404,324.3886597278081,2.6653972896153326
144,90,Car,0.43972617387771606,948.4438880695948,312.9288658070372,962.7856918213608,346.6506932782899,6.099820362586066
144,75,Car,0.7229413390159607,694.9737605441479,302.1799212271469,731.6944016080089,328.57410584727654,2.0507811880878415
144,74,Car,0.6629753112792969,521.9129859122194,304.7012277176393,547.9103735151549,324.5116790689709,2.568470043525318
145,75,Car,0.6861224174499512,695.2510512272083,302.41060423520634,731.8001628017976,328.8987727847454,1.9091902092294721
145,74,Car,0.6652204990386963,521.5755383096928,305.0776243866593,547.6565017258729,324.7967896555018,2.5795176093689567
146,75,Car,0.7012137770652771,695.9011147754144,302.3628309394959,732.665456654251,329.05603834975113,2.2240902677452263
146,74,Car,0.6486884951591492,521.0895101097952,304.9281201432639,547.3445967881522,324.755885406142,2.5171162608256856
147,75,Car,0.6464242339134216,696.0949254274461,302.26972226520775,732.8429601309405,329.1113998962886,2.420725155607232
147,74,Car,0.6158723831176758,521.0783624152991,304.65944759018214,547.2668208455896,324.55058334396574,2.400751354441986
148,109,Car,0.43507787585258484,134.44806465026096,302.04965802084376,173.9572544526921,327.6670281085132,0.0
148,75,Car,0.656885027885437,696.5205083390543,302.07034688066375,733.5743079136963,329.0680594887635,2.752395761884183
148,74,Car,0.5948553681373596,521.104235735673,304.62055599049364,547.1494225959837,324.5041176603939,2.103108174930013
149,109,Car,0.329061895608902,120.50262352093488,301.51647499777727,162.1835353842224,327.6750237427124,66.38002895539124
149,75,Car,0.5274672508239746,696.7169780092887,302.3209595782367,733.9311202717139,329.4009774626276,2.567356652133204
149,74,Car,0.659235954284668,520.9720760274657,305.0164474305109,546.9094091974731,324.8141601941171,2.186179081233693
150,109,Car,0.4732913374900818,105.13591516910517,301.15830982030155,148.82194467154957,327.77014207617657,69.05929238823434
150,75,Car,0.5895691514015198,696.884147245353,302.3253760862975,734.5706541739817,329.49891115018215,2.406028561472158
150,74,Car,0.6391833424568176,521.2080973064894,305.1098309981422,546.9149105492963,324.94429270214886,1.8631278496654406
151,109,Car,0.6809327006340027,87.36447547871943,301.2170771768011,134.7410835719532,328.5837579510704,70.95290584472114
151,75,Car,0.6391811370849609,697.2150691124001,302.9215747748398,735.6504514859474,330.2052749621627,2.178824564795146
151,74,Car,0.6604235172271729,521.0044943834234,306.0815195641575,546.8582441268404,325.5874042915086,1.7269260737263088
152,109,Car,0.6881238222122192,68.29472639678659,301.06799432553146,120.3568358219691,329.6446270274869,70.71912750355372
152,75,Car,0.620138943195343,697.8549235643818,303.1361229080456,736.7006864386751,330.49619445139905,2.5366246353175157
152,74,Car,0.6611947417259216,521.0250013204309,306.58605562563696,546.9467531214934,325.88535885754413,1.6785779124672369
153,109,Car,0.6722694635391235,46.20097971048368,301.03511535504526,103.49878721953478,330.93978808771465,71.65240878256336
153,75,Car,0.5381527543067932,698.1728541224398,303.0366982340706,737.3821268719099,330.52060645747065,2.5428893541910975
153,74,Car,0.6696045994758606,521.0876205012752,306.8070496520342,546.9549434413519,325.88333357765435,1.536040727150507
154,109,Car,0.6632788777351379,21.672484217619708,300.8538343803618,83.61431218056354,331.8299847790509,73.7769911849614
154,75,Car,0.6079564094543457,698.9618628660497,303.1345230433386,738.2477747480622,330.76822664753945,2.84550171717462
154,74,Car,0.6894020438194275,520.9243965080688,307.050429496961,546.7906001934892,325.9796210888917,1.3872825091057122
155,109,Car,0.6595361828804016,4.373710039349895,301.6905335473695,66.48930612806464,333.5961628616255,71.81228436044363
155,75,Car,0.4848979115486145,699.882493152213,303.3362476203337,739.3066740860132,331.17016606133103,2.980772149457537
155,74,Car,0.6973448991775513,521.0445334948826,307.5587025435823,546.774655064805,326.4624862195277,1.7379684813263154
156,75,Car,0.5422701239585876,700.3934841081323,304.00334037441036,739.8610622182186,331.86120766058883,3.277105993153561
156,74,Car,0.6260730624198914,521.2762971770737,308.474896786536,546.7238010595254,327.33513928830195,2.6281556823390315
157,75,Car,0.6070577502250671,701.1867252216839,304.4173392256802,740.556228062509,332.2570098723597,3.4743768786463463
157,74,Car,0.5406569838523865,521.4796724303275,309.0341377878553,546.7574565469689,327.86764254250016,3.097056686897301
158,75,Car,0.6243247985839844,702.0398121396895,304.9738858258086,741.2155744198833,332.6605093740016,3.7720822754988546
158,74,Car,0.47921162843704224,521.5913933495893,309.5091867429469,546.9381676217087,328.34064369831754,3.2042266148180643
159,75,Car,0.6336593627929688,702.6377104156444,305.5110636097901,741.8933314530622,333.2376091446321,4.002425665697896
159,74,Car,0.5591123104095459,521.6447694432602,309.78572494840745,547.1294941025355,328.5330006012852,3.3165706178388135
160,75,Car,0.6357241868972778,703.3073518188892,305.56450374685255,743.1708090570332,333.49468712519183,3.9873877547152787
160,74,Car,0.6285481452941895,521.5237906495187,309.97690245016673,547.1002450859684,328.66500354169335,2.815060302004757
161,75,Car,0.597939670085907,703.8734195325159,305.4439517443797,743.8508551683391,333.5280069159248,3.79487109610176
161,74,Car,0.6224667429924011,521.3451116550839,310.06435653844363,546.8372569296951,328.7854539447018,2.5566899787692674
162,75,Car,0.6460078358650208,704.0112370541522,305.11299096163964,744.4755295775676,333.2277641104911,3.6781716296788507
162,74,Car,0.6142938733100891,521.3651640732331,309.7558551845049,546.8809907640615,328.62110836204903,2.262184176318385
163,75,Car,0.5128812789916992,705.0374045340538,304.4697012669032,745.6255486202751,332.7032365904484,3.6778245307966144
163,74,Car,0.6283127665519714,521.5330878255738,309.4904562862652,546.9951688790873,328.377496322888,1.948074334946149
164,75,Car,0.5449371933937073,705.659090991694,303.7870134139605,746.278486224265,332.1894173795358,3.3886789584844017
164,74,Car,0.6556618809700012,521.5252891920583,309.0591118627659,546.9543690895158,327.7965307276006,1.1649362082298274
165,75,Car,0.4957517385482788,706.4059487614402,303.3548467125184,747.169283733663,331.9096574702199,3.50226295291111
165,74,Car,0.6669498085975647,521.4648123890026,308.7958938539589,546.786207344479,327.4166221652911,0.19103337250840607
166,75,Car,0.5541403889656067,706.8324545381504,302.79333135567816,747.828832253867,331.5967733699959,3.4159280438503994
166,74,Car,0.7307802438735962,521.5108705677516,308.1035520625556,546.7802454409913,326.6919541963604,0.8501130817364075
167,75,Car,0.5924983024597168,707.4023918182819,302.17818462328194,748.6004677185991,331.24683131918243,3.4636520456342597
167,74,Car,0.7249501347541809,521.5245955631434,307.6409619705789,546.7302627829255,326.22361596010626,1.612273288953581
168,75,Car,0.623110830783844,708.573927465257,302.1896853434527,750.3132880508832,331.3909970342939,3.918841604531495
168,74,Car,0.7142671346664429,521.5795488772344,307.4713871981723,546.7033145977603,326.0290459537345,1.9573935849036719
169,75,Car,0.576585054397583,709.0915030756126,302.42500130544613,750.9338313581098,331.68163169189677,3.6976408223734194
169,74,Car,0.6929689645767212,521.6866637136424,307.4620116171325,546.6940964678034,325.9236845496441,2.1376055609392224
170,75,Car,0.698512613773346,710.5191637444383,302.3814324713649,752.3008544640319,331.7533907280667,4.047685512619058
170,74,Car,0.6991553902626038,521.7940097024126,307.3282017203642,546.7724442812893,325.78951694559,2.3339123096241416
171,75,Car,0.6845526695251465,710.8968478184947,302.2311985784445,752.704467697356,331.64207045474757,4.019168095831413
171,74,Car,0.6956137418746948,521.729526109681,307.206752579642,546.5628901389919,325.67045628184366,2.234092358395941
172,75,Car,0.6949522495269775,711.7713047539238,302.2115722746912,753.3619996591709,331.766840315634,3.760439709817227
172,74,Car,0.7231057286262512,521.7668028132057,307.16822256020066,546.4750815328839,325.6071466465577,2.0746718367498014
173,112,Car,0.5442164540290833,98.7518690301934,312.13047960137067,144.08503515382046,330.203204991298,0.0
173,75,Car,0.6751721501350403,712.3349510318321,302.38753737965874,753.6423061988107,332.0714661657348,3.567952072677002
173,74,Car,0.7210361361503601,521.7966373518913,307.1071092351808,546.4404722165312,325.5598859414408,1.705297856663793
174,114,Car,0.679938793182373,131.5517341201638,311.107935134288,164.79224127712305,328.2708138679661,0.0
174,112,Car,0.5802094340324402,84.04153960610441,312.11548543677253,131.5089179776267,330.09880362995017,102.42007385417598
174,75,Car,0.7263354063034058,712.8962162723775,301.8658878577368,754.4582690894161,331.57450793833306,3.5089479653016404
174,74,Car,0.6854423880577087,521.8169843077084,306.3209055740142,546.2988737309644,324.87553191233746,2.0282943685481722
175,114,Car,0.5926530361175537,122.00716959063672,310.9086625287617,156.15271913309718,328.1479489710991,71.21051345514056
175,75,Car,0.6608810424804688,713.1352285102977,301.6896281525535,754.887849863581,331.52509917847317,3.3718392558054626
175,74,Car,0.7041015625,521.805572486473,305.82717964348967,546.1111674100844,324.4090640434416,1.8463980619727431
176,114,Car,0.5536002516746521,111.84887399807118,311.04791671090555,148.51899489106862,328.96931110775876,67.76173594475561
176,75,Car,0.6444066762924194,713.6619466167994,301.9386005657794,756.1060453085801,331.711461009116,3.4680003093129157
176,74,Car,0.6832872033119202,521.6226973106407,305.65683344173146,545.8844677981717,324.422488927647,1.5420700645159855
177,114,Car,0.7502122521400452,102.3842654419621,310.9567416297987,140.15016577720255,329.5444087500866,65.14954736660624
177,75,Car,0.5731315612792969,714.0194913377852,301.9949720659693,756.9514944646735,331.87075659474016,3.0343467160872195
177,74,Car,0.6691723465919495,521.7016138970797,305.75868867443216,545.8550126379649,324.66348396491105,1.2547487178903864
178,114,Car,0.8306810855865479,92.6243642984057,311.481861005075,131.51091647205115,330.6952955355695,63.4679046840394
178,75,Car,0.6741634011268616,714.7677299514153,301.9803180308636,758.2990587335371,331.95403482781137,3.263507212908769
178,74,Car,0.6855632662773132,521.7179721215242,306.11702320769894,545.8697531467345,325.0316124559257,0.9411253845486538
179,116,Car,0.6881267428398132,-6.361881123243062,314.8696421021716,48.3063541298211,335.45039709663956,0.0
179,114,Car,0.7653326392173767,81.95373009628925,311.5894142731219,121.54702803696323,331.02943550774063,64.51363619308098
179,75,Car,0.6002238392829895,715.2465903401754,302.24325131599886,759.1103168999977,332.2898268102828,2.8814666983121398
179,74,Car,0.7108625769615173,521.5626597262954,306.5000779165793,545.7929939617575,325.31883534109573,0.707664939554518
180,116,Car,0.6296585202217102,-9.771785274543243,316.2569444981993,28.925188366301633,334.1549548246524,85.95423105207286
180,114,Car,0.7493380308151245,70.8346385513287,311.9422161885814,111.99746379431652,331.68784620450396,64.71831410631971
180,75,Car,0.6991426944732666,715.9712318677111,302.68466431887487,760.0954748242809,332.8204598735656,3.128775342553278
180,74,Car,0.7293453216552734,521.4324395746339,306.9827360299317,545.6573094105308,325.68660493883505,0.48940365897472204
181,114,Car,0.6582154035568237,58.244662195161325,312.11706877532697,100.05897880539347,332.2258812803673,66.2378088764856
181,75,Truck,0.3573898673057556,716.2897507501347,302.7377775869482,760.2099101619525,332.9346472901414,2.854244222542265
181,74,Car,0.7261194586753845,520.8296935181302,306.9356450283854,545.3328691408167,325.4957728626686,0.8516551345360084
182,114,Car,0.6030390858650208,42.899960017563174,312.20247739666394,84.81244753113978,332.5173816516837,70.07379135256235
182,75,Car,0.5106132626533508,716.7789979440638,302.3052624934791,760.8373100402177,332.6774808946545,2.877011252857544
182,74,Car,0.6957116723060608,520.4410910472689,306.7447320248012,545.0022750179439,325.0239408407145,1.204080492011853
183,114,Car,0.6453227400779724,29.76923527819227,311.9047855408175,75.9884472419037,333.1883986251964,67.18969969694808
183,75,Car,0.503023087978363,717.4111842796251,302.284624932513,761.3679285715398,332.83088706861884,2.8350719101171236
183,74,Car,0.7110368609428406,519.9498153792543,306.88443281558625,544.5023220063844,325.05638589866805,1.5429999079263819
184,114,Car,0.6366308927536011,16.940843654911145,312.18265007018033,65.86770339367686,334.07095691947563,66.982294941839
184,75,Car,0.5502965450286865,718.1040774662995,302.6122525898073,762.1249991426769,333.4426813069,3.0486323072095383
184,74,Car,0.7553456425666809,519.6803046836279,307.4074531705565,544.1908504022564,325.5331012779804,2.013534408718056
185,114,Car,0.775462806224823,1.8968831880694417,312.7966801816654,51.81775655049694,335.1295684675393,69.45066327440566
185,75,Car,0.528026282787323,719.1267362087168,302.9925640808643,763.5703527885677,334.0374035573766,3.2284548577857635
185,74,Car,0.7271533012390137,519.3555574342822,308.0672799553135,543.8709373396994,326.0055941684864,2.447671467787761
186,114,Car,0.37878960371017456,-5.4467509051036735,313.04821249549747,41.81333879719922,335.6494232611257,68.46891270409071
186,75,Car,0.5637443661689758,719.4973165625253,303.3287537209908,764.2109035548996,334.47839168522125,3.2102571493392875
186,74,Car,0.7098536491394043,518.9143196263991,308.31056507293124,543.3163738793747,326.12233127414265,2.807354960246775
187,75,Car,0.5135667324066162,719.7210937955746,303.6704679248854,764.4340580542195,334.90446464470205,2.88634178042519
187,74,Car,0.7059748768806458,518.4183104290906,308.50931688001424,542.6775412267815,326.242610455364,3.14020864782835
188,75,Car,0.5510273575782776,719.9190210743839,303.30963350212727,764.7759275360545,334.54200538904314,2.607299940066379
188,74,Car,0.7189009785652161,517.778963903541,308.3771469329065,542.0798420060468,326.0854075591533,3.366781373648082
189,75,Car,0.6415947675704956,720.2551901465981,303.06930584587667,765.5181001815183,334.3759080435574,2.3713619361454197
189,74,Car,0.7011686563491821,517.176640382671,308.15322313353454,541.583295429521,325.90714242906813,3.5675899591723055
190,75,Car,0.618380606174469,720.4316794700682,303.10037428473305,765.9951409612949,334.50654490456174,2.415263340549251
190,74,Car,0.6938579678535461,516.6974868482125,308.0107327480176,541.1739113305987,325.83384165695173,3.539253080957473
191,75,Car,0.6213973164558411,720.6183218227617,303.3576689032591,766.5535677256295,334.83222758789805,2.4018048489895496
191,74,Car,0.6848902702331543,516.1749993510022,308.11903164444755,540.6677266526846,325.9623936598814,3.743479619562744
192,75,Car,0.5909581184387207,720.9239664437998,303.37905227883704,767.0419947925607,334.9052826976677,2.311885593824333
192,74,Car,0.7094232439994812,515.8105071808645,308.155705791978,540.1884899882805,325.99989118195913,3.672821608572276
193,75,Car,0.5755794048309326,721.2359572252288,303.02580008792063,767.9953783175721,334.6648620211645,2.168915371881739
193,74,Car,0.7182347774505615,515.4371251156058,307.9073537525968,539.680299207809,325.862574968148,3.672858931082689
194,75,Truck,0.4318895637989044,721.3694117587082,302.4185370587601,768.1946329286226,334.26536897677806,1.6192356511536694
194,74,Car,0.7195762991905212,515.1860061572004,307.5923137960709,539.2689591579822,325.62164021140086,3.6663110321861896
195,74,Car,0.6755073070526123,514.8669959416849,306.9082673558658,538.8164931040927,324.90116609544083,3.7267886226715823
196,117,Truck,0.44301342964172363,722.6781551580048,301.37388797809325,769.3522905368172,333.8130141784423,0.0
196,74,Car,0.6809443235397339,514.5126597575909,306.8533131118571,538.3018240555798,324.76299871207766,3.7082390111217913
197,74,Car,0.6364232897758484,514.1215379948724,306.84414442956734,537.7289218563112,324.58206260479596,3.621325754699958
198,74,Car,0.7201911211013794,513.7026543671558,307.5978032412476,537.2714646368048,325.4195538205866,3.3058066601584257
199,74,Car,0.6830927729606628,513.3443746242216,307.56393104207547,536.9398461213424,325.31991647072533,3.2303592648803265
200,117,Car,0.6986209154129028,725.3403062043986,302.5127885614895,772.8944626762315,335.24988469246614,3.462802671652665
200,74,Car,0.6170879006385803,513.0523735733312,307.6915545805755,536.6963363952201,325.479783185326,3.0155427264942016
201,117,Car,0.708729088306427,726.2138007257486,302.7052197538471,773.9710145611618,335.582088050811,3.582230381634384
201,74,Car,0.6515398025512695,512.7168687424967,307.60887091964526,536.5032405102195,325.390763362235,2.900453932981016
202,117,Car,0.6398608684539795,726.710063895189,302.2774057783266,774.9172014869293,335.432240717582,3.366995972500883
202,74,Car,0.6310957670211792,512.0274361410602,307.11169913915904,536.150860376571,324.99677820668995,2.992127646951017
203,117,Car,0.7265474796295166,727.0372140752588,302.2974123838669,775.5609643926011,335.6619787240095,3.1575943171277605
203,74,Car,0.5499857664108276,511.3576023327948,306.89013749500737,535.5478150431118,324.8205729194225,3.219841181826506
204,117,Car,0.48000261187553406,727.1592818442073,302.7632407205596,776.103796301685,336.14166481515934,2.9909222322709628
204,74,Car,0.576400637626648,510.9044526950689,307.53326827148015,535.0240538662384,325.3626102030067,3.294029117071899
205,117,Car,0.48764365911483765,728.0071643857934,303.2354893113157,777.1952717204608,336.65218260177556,3.1389227374111703
205,74,Car,0.5646194815635681,510.4905122993764,308.03004493584353,534.6640831696525,325.9534826700673,3.354824286166787
206,117,Truck,0.4213637113571167,728.7766155052071,303.6094800234707,778.0908861673093,337.0645994803457,3.1917283960413734
206,74,Car,0.3770849108695984,510.1744060036364,308.29400606991567,534.318372717475,326.25227239806566,3.337693034691835
207,117,Car,0.5043095350265503,729.0405685193552,303.5418494823271,778.7408743841074,337.1672119221682,3.0459687100991926
207,74,Car,0.5510167479515076,509.92522180149035,308.3118699072898,534.1147382198919,326.250226945894,2.9702295240924412
208,117,Car,0.5443907976150513,730.1148092851303,303.0135902695218,780.7646083071317,336.8805812913001,3.2267929508509168
208,74,Car,0.5285191535949707,509.7131505069656,308.18458495650805,533.9725974048017,326.1159305958947,2.822781604874095
209,117,Car,0.6538006663322449,730.4726573558609,302.15364932447784,781.3805932991103,336.23978709405566,2.9996977383325993
209,74,Car,0.46636494994163513,509.55423167810324,307.86342624541305,533.9066044212132,325.7480688835591,2.643298874386083
210,117,Truck,0.4173422157764435,731.3208572730516,301.9298830662073,782.92778322704,336.26396224423814,3.0721959282337266
210,74,Car,0.47048264741897583,509.42524156950816,307.8216394593173,533.8826932408286,325.5943332827367,2.5010906167178555
211,117,Car,0.6489757895469666,731.4806813921975,301.49738517686313,783.4547787769866,336.0881192047938,2.88562258706593
211,74,Car,0.4933151602745056,509.36474076926186,307.6958362173221,533.6808688493833,325.4355626197234,2.212672033066496
212,117,Car,0.6099669337272644,731.9722739922706,301.76210631206266,784.0924078929186,336.5934055353315,2.9009099120447503
212,74,Car,0.3331041634082794,509.2807833138692,307.85498308400054,533.4836958737353,325.4224496424803,1.8901757457055677
213,118,Car,0.654180109500885,229.44582197433746,313.94265226981366,254.5786165902687,327.9167155570587,0.0
213,117,Car,0.6455396413803101,732.6883866598782,302.04895428374186,784.7736168127512,337.064569932778,3.0415982026022865
213,74,Car,0.37162691354751587,508.81425612091596,307.9021825972875,532.8870482333326,325.2208787378439,1.8332655605730437
214,118,Car,0.6638877391815186,223.64987256337264,314.2225573119759,249.63417521014702,328.5084174054188,50.91465898465241
214,117,Car,0.6906324625015259,733.8417870001231,302.5562216234222,785.961898103536,337.65050324140054,3.1211782374537917
214,74,Car,0.38998571038246155,508.4686425953546,308.0657119820277,532.3006020182918,325.19493785706953,1.9460296422952166
215,119,Car,0.6152883172035217,271.96037647428477,312.764313639934,296.0962865322168,326.61709500323684,0.0
215,118,Car,0.6805098652839661,217.54274091597298,314.27807062509146,244.48913892895925,328.8538066871322,51.008765345364125
215,117,Car,0.6727001070976257,734.4730822883802,302.648241595496,786.5302865086386,337.7317188802072,3.0225609801993167
215,74,Car,0.5620790719985962,508.284152305367,308.18612727277383,531.9582632638995,325.2305727223689,1.9351910660557685
216,120,Car,0.731404185295105,90.0584792203656,314.03590148571226,135.08493229721375,334.38994798127277,0.0
216,119,Car,0.5798993110656738,267.41417347110246,312.17676275597876,292.87019768754647,326.3735107401767,37.16490604717275
216,118,Car,0.6900879144668579,211.13693623315945,314.0460974370374,239.12177855527912,329.00944839235495,50.80448643665878
216,74,Car,0.6451430320739746,507.9822023511558,308.09236689413285,531.6546894310279,324.94415351754196,2.0739064521443558
217,120,Car,0.7608728408813477,74.46104583329293,313.298462921341,123.62596177374922,334.7697537841365,85.06553294180273
217,119,Car,0.5914414525032043,262.39229222541763,311.5135229876625,289.39652307224077,326.1560654234434,37.70323284314892
217,74,Car,0.6666975021362305,507.7088367469897,307.7267202980841,531.3763687905088,324.48737074694344,2.260450755526868
218,120,Car,0.7321205735206604,58.61065811265578,313.4567628457609,110.43889814481838,335.34738251966604,86.48501936378668
218,119,Car,0.5651710033416748,256.8313678746427,311.3095927924288,284.84197314907505,326.0701015964122,40.33267747917787
218,75,Car,0.5085612535476685,736.918076347747,301.4146540420289,789.9159307719735,336.46837364552187,2.595119685096878
218,74,Car,0.6579298377037048,507.45589554375437,307.5331296995097,531.0869206532924,324.2176017793745,2.36369449774662
219,120,Car,0.7849335074424744,41.74707638388064,313.26148048398863,96.38710465626197,335.78895864292883,86.90533895880061
219,119,Car,0.6032532453536987,252.25146965147997,311.59994132741156,281.8531266643324,326.462988515093,38.5770808292793
219,75,Car,0.5562771558761597,737.3953274394839,301.4395204693764,790.7422970061411,336.64972997389606,2.635064822759044
219,74,Car,0.6764406561851501,507.44761155918223,307.54288956946937,531.0754186257574,324.1720078314055,2.2903878780893003
220,120,Car,0.7447044253349304,23.912671201200336,313.4023629938144,82.9325916760331,336.9928630329402,84.63397817200048
220,119,Car,0.6674970388412476,246.12145997033122,312.094947901962,275.4935119576694,326.8927977439464,42.37003076934465
220,118,Car,0.7382563352584839,183.1311832960922,313.3614976143844,215.04838506851442,329.88385646182365,50.10771826910735
220,75,Car,0.5991230607032776,738.025165619839,301.4490013557522,791.6745888437844,336.71409935215854,2.6920182023053814
220,74,Car,0.694421648979187,507.4755524332433,307.6800156942707,531.1229985817912,324.2559279027377,2.08356716610546
221,120,Car,0.739530622959137,5.959703391523618,313.2796710010216,68.82425182455268,337.9340526332044,82.34648003556187
221,119,Car,0.694809079170227,241.08844666408498,311.73687041964376,270.96742913967427,326.8289278511551,41.74882539436658
221,118,Car,0.774004340171814,175.18779596006988,313.2060013961262,208.01281751434664,329.97129938383046,50.74611262117044
221,75,Car,0.5294525027275085,739.4123735132746,301.1309857207325,792.945832176473,336.55185478553483,2.7742496678561928
221,74,Car,0.6728218793869019,507.7525343074243,307.3396308773902,531.4531393332448,323.8724064684579,1.866621312840482
222,120,Car,0.8066086173057556,-6.3509768066192755,313.43508727505235,51.7321857671694,337.8929688882674,82.69679093167483
222,119,Car,0.5554535984992981,235.21415203873244,311.8414321003654,264.97186395074004,326.9999750172708,43.17615958079619
222,118,Car,0.7636625170707703,166.66283061056947,312.87125048093645,200.34284269609412,330.2188890569037,50.594164601311846
222,75,Car,0.6171519160270691,740.3515460837993,300.93364641995123,794.3694391634119,336.53266841824615,2.861621750640825
222,74,Car,0.6847699880599976,508.03966228622,307.25586430055375,531.8640544592674,323.8054726949557,1.2396047156283077
223,120,Car,0.5952699184417725,-14.29101903632077,313.7935659665122,31.075585133982777,337.3438507782135,85.32146124631127
223,119,Car,0.6391597986221313,229.14987265165482,311.5578295882421,259.4640575875422,327.0520224714318,43.263284186110745
223,118,Car,0.7571987509727478,158.32189525794593,312.5253874951652,193.10318983093669,330.4243408926916,50.007163873180495
223,75,Car,0.576971709728241,741.8617188359707,300.29362144566494,795.9283139297189,336.22969600065767,2.9727927610547304
223,74,Car,0.6589151620864868,508.31653392628436,307.00829433961945,532.1543594395066,323.5230588807265,1.2468639286618461
224,119,Car,0.6795451045036316,222.58480618230863,311.0651266818038,254.28014365257923,327.07580065339744,42.721569722666956
224,118,Car,0.6988778710365295,149.17961806164,312.34166132899486,185.06155979106668,330.6558809729145,50.18783807656293
224,75,Car,0.5509386658668518,742.9666675185507,300.28709531284085,797.5212461300597,336.52588252820567,3.058379330893302
224,74,Car,0.6663460731506348,508.5005993357159,306.7796276865145,532.4029083635708,323.2386708271592,1.5776003529987535
225,119,Car,0.7407307624816895,215.79814535132397,311.2912975807714,248.94025387784387,327.78978838345853,43.434630268949824
225,118,Car,0.7040807008743286,139.38775519236697,312.80838194960467,176.2956503926281,331.2414237411744,51.37505133793876
225,75,Car,0.5677109956741333,743.7919012136492,299.99355257791495,798.6810450616242,336.468788198853,3.079799341473075
225,74,Car,0.6535586714744568,508.5751318661116,306.8128355484717,532.5302683568336,323.1863168791156,1.5453677310262721
226,119,Car,0.7301463484764099,208.7317715502668,311.2783098715505,243.22385274297952,328.14189948710987,44.40715518147467
226,118,Car,0.7238490581512451,129.90184724016487,312.8905917230706,170.53860620213388,331.92432250677615,51.08383072261125
226,75,Car,0.5973372459411621,744.9863328380706,299.62900711392916,800.2209784202681,336.36011960593777,3.195701321376287
226,74,Car,0.639783501625061,508.6761210294666,306.82051805579727,532.5719944864235,323.09791563779777,1.45327911216672
227,119,Car,0.7601081132888794,201.91928408721193,310.773282884241,237.9711966222035,328.1170559226779,44.01899885293806
227,118,Car,0.7861997485160828,117.77564935232658,312.20683873985985,159.7695249672296,331.9220810095198,52.63708450718826
227,75,Car,0.5435388684272766,745.9085215164471,298.714011444779,801.718528384208,335.7335736367339,4.269688907574708
227,74,Car,0.6501038074493408,508.8050739356738,306.28144843038564,532.6271325412351,322.396376581384,1.963075946397149
228,119,Car,0.7823519706726074,193.0323820834821,310.0947443292909,230.31973367675658,328.1550092083151,45.99294592431685
228,118,Car,0.777648389339447,106.43032509954995,311.3969060427532,149.18822623909537,331.511936584745,54.429508725045984
228,75,Car,0.6939738392829895,747.4527653156148,298.48649594872137,803.4415508700921,335.7561911260963,4.6444224537921475
228,74,Car,0.6557186841964722,508.84284699414013,306.16108590365843,532.4624761648585,322.1476785317491,2.0633176968752935
229,119,Car,0.7729848623275757,183.83012099432983,309.59872138409963,222.62744993607492,328.2594375440239,46.28557927796784
229,118,Car,0.7741124629974365,93.6943064882748,310.97325546427527,137.47169484397637,331.92547343252687,59.783859273302845
229,75,Car,0.6006418466567993,748.4250210664911,298.08590059181694,804.5955638531279,335.6247394041472,4.743499682325925
229,74,Car,0.636081337928772,509.0279641366927,305.86090059470257,532.3393568007936,321.76651736597773,2.414935800182812
230,119,Car,0.756738543510437,173.60479956303388,308.4916286191598,214.34778298613466,328.03645288858553,47.62898590844943
230,118,Car,0.7112253308296204,78.64076662642083,310.38119793134655,124.46829448719063,332.1897686595225,61.93410447738441
230,75,Car,0.6393365859985352,749.8021852305442,297.77201675644244,806.5661695569515,335.50301961016476,4.852387070974519
230,74,Car,0.6322721838951111,508.9277986053521,305.33947836623076,532.1206802353427,321.3982685700487,2.2599426974927592
231,119,Car,0.786895751953125,162.89835079263793,307.82559278598416,205.4499818344368,328.1338246374975,48.70039188085497
231,118,Car,0.8017086386680603,63.92624184991733,309.73399021862576,111.83587579032029,332.34830688714396,63.42648357017428
231,75,Car,0.6833187937736511,750.7694778749716,297.6399097764834,807.8746654332452,335.6634924479783,4.7896568282035075
231,74,Car,0.6243888139724731,509.0137110205823,305.2489361865997,532.1512270764028,321.3230283433482,2.1757848968160047
232,119,Car,0.7941263914108276,151.89638101104677,307.61219222782125,196.2417387352967,328.5822635267869,50.248961695930944
232,118,Car,0.8423988819122314,47.491138361943925,309.7116980643767,97.65402802254077,332.99721611633106,66.44045629856357
232,75,Car,0.7745389342308044,751.912321228744,298.01130136590854,809.2174836520688,336.33313756889794,4.587708627644535
232,74,Car,0.5816221833229065,508.7497001995188,305.5633866079481,531.9170507345358,321.57942172116424,1.589438532339898
233,119,Car,0.8237276673316956,139.50848419888763,308.0065137596411,185.8360628270982,329.7743253317722,52.205809773667276
233,118,Car,0.8558320999145508,29.534503007791308,310.01335153497314,82.11862786998944,334.2653954367355,68.8370024970383
233,75,Car,0.6685147285461426,753.1446647336344,298.7224981259165,810.6189823659566,337.13808402389526,4.547999816695792
233,74,Car,0.5799545645713806,508.83888514210196,306.1509812851477,531.9787599470295,322.1515962194623,0.8052197463443791
234,119,Car,0.8418925404548645,126.43428505017661,308.66360768398744,174.45886417889844,331.1171873161075,54.72849321188239
234,118,Car,0.8491213917732239,10.168182680053661,310.7741949337965,65.52799717247565,336.17523147006136,70.86465012958386
234,75,Car,0.7377298474311829,753.8557010608283,299.4778716150803,811.8709025023538,337.94171440721675,4.538031681043146
234,74,Car,0.5990779399871826,508.59824396225883,306.99866017082144,531.9133872984679,323.0353161735273,0.2781701862955422
235,119,Car,0.822709858417511,112.42406990469564,308.8927265416296,162.5009270628539,331.894634066064,57.72431246065265
235,118,Car,0.8650960326194763,-2.4910007785138006,310.6998434828361,50.81966925908347,336.9407209692553,72.06150578450138
235,75,Car,0.6843250393867493,754.5027120619862,299.89593805919657,813.0834681718758,338.43903157059975,4.378504945733158
235,74,Car,0.5629110932350159,508.28470229295255,307.2466448008735,531.673733641147,323.27793960091486,0.6666758189681764
236,119,Car,0.8177770376205444,97.49724323299364,308.6203975889171,149.69172508761585,332.15825751454753,61.40450897471485
236,118,Car,0.7603675127029419,-10.176838983149077,310.17518867930556,35.73204232710737,336.4716262873772,71.87358052423198
236,75,Car,0.727573573589325,755.552126112772,299.09078781398864,814.2489398709173,337.88184536984375,4.31490979778237
236,74,Car,0.5293351411819458,507.7954300178636,306.7191092582402,531.2659810058184,322.6815619325788,1.1645501054225322
237,119,Car,0.8093506097793579,80.85623907349202,307.98555138172554,136.14742216216413,332.08024330118457,64.23295836577546
237,75,Car,0.5508975982666016,756.4200396610781,298.0001033467937,815.5024866936208,337.03745972856655,4.042902125464747
237,74,Car,0.5614479780197144,507.71738222899387,305.7006461170538,531.0813086235484,321.72747925682745,1.243302634603803
238,119,Car,0.7442270517349243,62.808076229340834,307.863829021032,122.01204817529143,332.6458555243949,67.08086599224734
238,75,Car,0.5977915525436401,757.3782933992289,297.52461751126765,816.8063261854426,336.81891236808525,4.041330097527741
238,74,Car,0.5791240334510803,507.55950626198086,305.20128397779683,530.972412950527,321.4215742152096,1.390895096112033
239,119,Car,0.8345283269882202,42.33879608622301,307.4313431902254,105.0527705569237,333.16790412223537,70.11294074858164
239,75,Car,0.7382168769836426,757.9256763368601,297.2348455279001,817.9089724804599,336.79307585112406,3.693450360737251
239,74,Car,0.5987817645072937,507.3547204815609,304.883699670067,530.7221066402096,321.18074188563753,1.4022366161117497
240,119,Car,0.8404203653335571,19.61691623710867,307.96243070640526,86.53255774408146,334.78872395099654,73.32921604888655
240,75,Car,0.7098047137260437,759.2292650653071,297.5958055774915,819.6739049080336,337.3843349759406,3.8318133719667955
240,74,Car,0.566084086894989,507.2821875167769,305.3702617836474,530.503331322802,321.6034521555366,1.5723414295119118
241,119,Car,0.861080527305603,2.050753375394862,308.40289072277227,69.29504288302138,335.80679853545445,75.78527264558804
241,75,Car,0.6737329363822937,759.7345794502005,297.68358439065446,820.9560904383018,337.618711655728,3.6780219252332254
241,74,Car,0.40802106261253357,507.0887086048483,305.6024832728798,530.0423911373457,321.9710809076273,1.6319943366110616
242,119,Car,0.8125078678131104,-8.416885384612062,308.5237794460095,52.58212241360424,336.34196916232395,75.83218706051875
242,75,Car,0.6364923715591431,760.755159145832,298.3451908571426,822.4580293360265,338.3167805481322,3.652477526036755
242,74,Car,0.4698939025402069,507.32947895880983,306.1190579426906,530.0542196566046,322.46591233989045,1.5808262862623186
243,75,Car,0.5685542821884155,761.6950857027606,298.601401151083,824.4519394095679,338.72753435121604,3.816831039003171
243,74,Car,0.4646446406841278,507.38169216687083,306.2392951378649,530.1047864009943,322.5650231202895,1.5001710823829506
244,75,Car,0.628147304058075,762.4319404158532,298.8285121688261,825.511807514524,339.1196684121431,3.7901447329338387
244,74,Car,0.4299556612968445,507.1439572750963,306.48367387239955,530.0624432463702,322.9266343570166,1.3542537672123744
245,75,Car,0.5111761689186096,763.1565584230314,299.7485161431597,826.7116295674921,340.20902056238253,3.7606866149738822
245,74,Car,0.4097050726413727,506.9832948476192,307.027285180309,529.9375058524375,323.5406741884736,1.1073699524837664
246,75,Truck,0.49777936935424805,764.38436175495,300.63450725590246,828.2102331168254,341.3658456505366,4.016535249255194
246,74,Car,0.44722121953964233,506.8533393522086,307.6330130338505,529.7280881750472,324.2104663343582,2.23532996502098
247,75,Car,0.587411642074585,765.6074369830559,300.9715559819064,829.714221789127,341.78127222955817,4.180699697943113
247,74,Car,0.47542598843574524,506.716238382069,307.7351238095423,529.521935586244,324.54817920916844,2.724457972403222
248,74,Car,0.4654688537120819,506.38446468703734,307.53392138720534,529.1790107923679,324.45854935621327,2.8533086276513324
249,74,Car,0.42911767959594727,506.3785443205758,307.5319410858339,529.0948815834573,324.3810601739273,2.4275689794571274
250,117,Car,0.5662530064582825,768.9882505751857,300.82937538989427,834.7704253077115,342.4529165533975,3.620933516358084
250,74,Car,0.49209731817245483,506.28710823717483,307.4075472505673,529.0432104724282,324.38548155486706,2.026601494399506
251,117,Car,0.7005094289779663,769.9557926983341,300.80267957636244,836.4706446087166,342.6746667696098,3.5845452427332205
251,74,Car,0.4355212152004242,506.2490861750701,306.94808233581114,529.0327740151082,323.95017146034206,1.378745631391789
252,117,Car,0.7537625432014465,771.2353914071833,301.02670412573747,837.9252225464189,343.08995641618475,3.6377098627722164
252,74,Car,0.5444977283477783,506.00907895341743,307.39852932213313,528.749416739227,324.32755841473687,1.770920020203027
253,117,Car,0.7130880951881409,772.5572469147764,301.47389322104937,839.4124375326637,343.60391595835245,3.6501158693688636
253,74,Car,0.5414623618125916,505.83670022106065,307.551545489135,528.5887499440234,324.33214116836376,1.6634085679375064
254,117,Truck,0.48417261242866516,773.300771843933,301.71129459201177,840.6372828916199,343.9988286650147,3.6874575870675725
254,74,Car,0.5550252199172974,505.67623249154053,307.96754763956426,528.4833343926136,324.82228957281507,1.5770806916828102
255,117,Car,0.5945218205451965,773.9500349107575,301.32588431962876,841.445135345783,343.8211060325876,3.677820627096262
255,74,Car,0.5535017251968384,505.19765914014766,308.1143257100777,528.0317602461745,325.0398322568182,1.5948461769758377
256,117,Car,0.5591320395469666,775.4889899253033,300.6165752648558,843.3373645884517,343.3718782189303,3.7259090035371996
256,74,Car,0.5699019432067871,504.96837610158246,307.95711280317516,527.7988744041918,324.8825427833391,1.5576691798860411
257,117,Car,0.5305643081665039,776.1843222726545,300.1648854554951,844.6872511113454,343.22156128140523,3.686573015376557
257,74,Car,0.5470507740974426,504.8197554440338,308.0213855630838,527.493435864469,324.86713084005936,1.5010620474318295
258,121,Car,0.6265814900398254,88.03254581357434,312.9318429658242,128.16532473156104,333.1651291397634,0.0
258,117,Car,0.5166381001472473,776.3074960840574,299.16058346684235,845.933012850539,342.79428175415626,3.6425515447446273
258,74,Car,0.6312374472618103,504.5644222282265,307.9173084947985,527.1670405458492,324.65833597809376,1.702486055758435
259,121,Car,0.7134914398193359,72.42036490256096,312.9538951256426,113.92252893439398,333.7318516971959,97.00678528190168
259,117,Car,0.5778213143348694,778.0310974124268,298.4330008032827,848.1008930228797,342.5162238422584,3.8270733870485016
259,74,Car,0.5833753347396851,504.66184265525465,307.8413927696987,527.1733176631493,324.45925031259515,1.593990384155628
260,121,Car,0.5891799926757812,53.52824974837796,313.18082782087197,96.84310188369673,334.78476558219427,102.876613805879
260,117,Car,0.5807005763053894,779.1825665187074,298.1013565383354,849.9561719536629,342.47384966620893,3.870128342913377
260,74,Car,0.5815627574920654,504.6822810801747,307.87783752856956,527.0402124725045,324.33928118516076,1.7294286990379026
261,121,Car,0.7318168878555298,33.58500672377184,312.8981873069554,78.00781430873786,335.56287991855436,103.87145566756203
261,117,Car,0.4890154302120209,780.598900607604,298.1404630138866,851.9047418943983,342.78052408494773,3.9584552451578103
261,74,Car,0.574078381061554,504.7480243119745,307.9455873060404,526.94105365899,324.2833320297929,1.4278280100767335
262,121,Car,0.6505357623100281,12.16829774743995,314.14042509333837,56.43123742569081,337.5084117939569,106.66230409539442
262,117,Truck,0.5106721520423889,781.484501225043,298.43829707460725,853.5123865738069,343.3494515240029,3.8845115568563933
262,74,Car,0.5370710492134094,504.65453378958193,308.2487901062681,526.6879966733544,324.55279983526043,1.479697056300189
263,117,Car,0.5647861361503601,782.8326638433856,298.4976611143262,855.321235032549,343.64801030052615,4.065877717780526
263,74,Car,0.5195912718772888,504.6149465491848,308.33409449226644,526.6278961313772,324.4441614769818,1.3578841099972099
264,117,Truck,0.4819300174713135,784.7401937325262,298.1084003021438,857.6206883626141,343.4646156714421,4.497981772177645
264,74,Car,0.5479670166969299,505.0173003387121,308.25592712493244,526.9443808148679,323.9759573667279,0.7479569706919903
265,117,Car,0.48773983120918274,786.1113255805061,297.6885000112464,859.5447180280865,343.30898250131173,4.43812012786676
265,74,Car,0.6246392726898193,505.0301414869823,307.7680330898026,526.9855557730214,323.15189400726837,1.0050787212454244
266,117,Car,0.5904462337493896,787.7928537891291,297.8342033604275,861.7916124813794,343.67557746835257,4.707672475473362
266,74,Car,0.6205598711967468,505.19987321239455,307.68160075033046,527.2076758026262,322.77455817767503,1.2095974200778576
267,117,Car,0.5690317153930664,790.0335641800502,298.09236714824505,864.2308128095867,344.1811641237396,5.211481253005365
267,74,Car,0.6111862063407898,505.38760306448876,308.1119353323265,527.2950347788783,322.94981473796287,0.903720787039221
268,117,Truck,0.5627456307411194,791.5436441321667,298.7400598650546,866.1921763029868,345.0276696937175,5.141104990162179
268,74,Car,0.6139531135559082,505.65740095159623,308.5950893258476,527.4881358095678,323.3746034732886,0.6858427587346582
269,117,Truck,0.44622790813446045,792.2399860795978,299.03522358242,867.901108888249,345.64568698798,5.032084411214384
269,74,Car,0.5666031837463379,505.646980479039,308.7470760307184,527.6100775740999,323.5863901258872,0.7778166728948371
270,117,Car,0.5671655535697937,793.6030242950628,299.05861160329084,870.2045568471594,345.9389619849228,5.0503453802092535
270,74,Car,0.5756704807281494,505.94445675211585,308.8443544322165,527.8740078493436,323.7512709238773,1.087111909027173
271,117,Car,0.6571816205978394,795.6727404802369,299.0972569099154,872.6527856796682,346.24849224157884,5.3314643854254635
271,74,Car,0.5717149972915649,505.5417322469653,308.8786487395827,527.73372555023,324.2621090282803,0.9567702958337155
272,117,Car,0.7006058096885681,797.4113229529431,298.8262611575299,874.6462455354455,346.14471883645723,5.392375763612487
272,74,Car,0.6164128184318542,505.4193928954929,308.7483936046072,527.7139584303858,324.3216376233799,0.9212396503370323
273,117,Car,0.7390486598014832,798.989189241562,299.11615957296743,876.7478900810091,346.72010658376695,5.301142620426107
273,74,Car,0.5269423127174377,505.21204832448046,308.6634376229954,527.7380181132839,324.46682955623726,0.6338813919504049
274,122,Car,0.5227506160736084,226.8248008315082,306.87669206759426,258.0269498439954,323.6708776816256,0.0
274,117,Car,0.7388842105865479,800.4422098265954,299.0705941005621,878.7729978361845,346.88676647751885,5.3209570796803956
274,74,Car,0.558367908000946,505.0658732773068,308.5332422455801,527.783091132101,324.39725366510487,1.0289331428058428
275,122,Car,0.5678216814994812,219.65166352090432,307.2165058680599,252.71812721062474,324.48548556440005,48.996993450320424
275,117,Car,0.659247100353241,801.9500117286744,299.49964410618514,880.7153996428871,347.54764575917426,5.235578692128175
275,74,Car,0.49441787600517273,504.6221841605091,308.48993283362734,527.7530086727663,324.5979326447732,1.2254340138591338
276,122,Car,0.5639439225196838,211.75108297845617,306.7171767605143,248.16915775107208,324.63088134744845,46.99597789320406
276,117,Car,0.7740956544876099,803.5219119522085,299.0958846135578,882.9981858969634,347.47406302708316,5.044722981815763
276,74,Car,0.5202054381370544,504.4801755719658,308.32162217505856,527.80992870324,324.15847729234144,0.6969494108099059
277,122,Car,0.45279252529144287,202.03319171067497,306.212334892055,238.51195451575356,324.2481459690204,55.27339589225768
277,117,Car,0.6497197151184082,804.574427095853,298.5427197435563,884.635444157346,347.3462485568691,4.847823388699055
277,74,Car,0.4794153869152069,504.0606565390743,307.407907882906,527.4203632242417,323.2556764427719,1.0012999458910412
278,122,Car,0.6606480479240417,193.8066860125028,305.40153053927565,232.7212778413033,324.12792851248696,52.56557329439056
278,117,Car,0.6910718083381653,805.6693172503924,298.92921962886345,886.4808971481489,347.9561764371028,4.908260237123335
278,74,Car,0.3460995852947235,503.7805235822552,307.0722934018598,527.0659432691484,322.9829429001297,1.5634895680033514
279,122,Car,0.6283325552940369,184.5692121774553,305.07283050108214,225.19821085678103,324.5961025501468,51.92304960051551
279,117,Car,0.5237943530082703,806.4801163949119,299.6843087101775,888.1145945124485,348.85560169109766,4.726881286386259
279,74,Car,0.31132400035858154,503.3969255795639,307.43271261751454,526.6087064830772,323.4649231931411,1.952552212541767
280,122,Car,0.4129711985588074,174.01902419111306,304.80228545672884,215.99209914755411,325.2538540353939,52.170638008994615
280,117,Car,0.7122382521629333,807.8029499672814,300.78522180910437,890.1537758730485,350.226246493775,4.576361823875341
281,122,Car,0.5552496314048767,162.01991798165952,304.8580326793958,205.85514170936156,326.0649122444421,53.19006619890534
281,117,Car,0.7082955837249756,808.9000027943212,301.31098882814547,892.0310357698588,350.9600011851944,4.498880770507827
282,122,Car,0.5406695008277893,151.23098996416954,305.14474172378556,196.18975768815417,326.85921024295607,53.403987091524776
282,117,Car,0.7276877164840698,810.0454946147208,302.09805529731483,893.9472920488936,351.9191264371389,4.428275791179076
283,122,Car,0.6931756734848022,137.44324729364067,305.22171517434276,185.16523889195062,327.8376713439087,53.81025209249376
283,117,Car,0.7678492069244385,811.3557997559736,302.5854007734546,896.1760567792081,352.72201587977224,4.460871289848774
284,122,Car,0.7604875564575195,121.46140477607727,305.0714406410308,172.1133407806062,328.6570508791218,56.858777678518635
284,117,Car,0.7458431720733643,812.1833229853953,302.6556843309055,897.5383463008284,353.12070334546627,4.225134315346226
285,122,Car,0.6788142919540405,105.86947794181701,304.24201010471273,160.06373813404582,328.5456568145507,59.86520315657747
285,117,Car,0.7761101126670837,813.5276605321184,302.29742224466986,899.6013741998455,353.1157062100692,4.138263194628861
286,122,Car,0.683423638343811,88.26309151751062,303.0336835353985,146.21279912800446,328.4048201115803,60.91712993624489
286,117,Car,0.7416080236434937,814.6987024038657,301.724220887883,901.4102780617274,352.85130484442595,4.146566344524226
287,122,Car,0.6953330039978027,70.04177103879752,302.7056893359225,132.1368801179888,328.91849738153843,64.19354935976939
287,117,Car,0.7006062269210815,816.2823684304724,301.4710011396877,903.5520516025015,352.9620086775251,4.179559215735786
288,122,Car,0.6437265276908875,48.82392087174554,303.5849531833662,114.03958938955478,330.68584414174904,68.34096197591597
288,117,Car,0.8156533241271973,817.5725500363367,302.2497311441816,905.5441876393254,354.11261240759063,4.276941501274271
288,74,Car,0.4125869870185852,501.38294205207177,310.59187676107393,523.0240847917547,325.28503675006397,2.5080201735213157
289,122,Car,0.7100639939308167,27.25527247208779,304.16626381160376,97.9265906447315,332.3697200947253,70.44576030229592
289,117,Car,0.7612179517745972,818.951579162174,302.9263027060193,907.7399408136322,355.2223275634303,4.2461968520477065
289,74,Car,0.4609125256538391,501.23633203376386,311.97112785437673,522.4687898480388,326.40084889469415,2.9764172493909866
290,122,Car,0.7256993055343628,5.462324255187006,304.35358892687134,78.764517519516,333.4973254507497,73.01727024807641
290,117,Car,0.7087477445602417,820.1854986936821,303.1612399846866,909.7768803004487,355.86560081111037,4.241639091435159
290,74,Car,0.4977629482746124,501.0711632717655,312.7682914135237,521.8660235104084,326.86867997424395,3.3626050177044604
291,117,Car,0.7230259776115417,821.7105217585128,302.52521666361747,911.991510081457,355.522078644819,4.242894411859771
291,74,Car,0.46583855152130127,500.9298114402762,313.0066788706538,521.3302611952529,326.96595362966343,3.6171699694782684
292,117,Car,0.8034221529960632,823.291890004955,301.61592670394424,914.248705165682,354.84633320964036,4.231268408708172
292,74,Car,0.40884941816329956,500.87618541198964,312.13598871883227,521.1906654294133,326.04613692034053,3.2821681984523887
293,117,Car,0.7309554219245911,825.1460986481554,299.73308127524217,916.7082668714381,353.43932192289446,4.5019956672677255
293,74,Car,0.46149742603302,500.49137382516415,311.05317189666425,520.9378810422551,324.9131358925133,3.2677657923573173
294,117,Car,0.6816247701644897,826.7225263613393,298.43218658288436,919.0288051828143,352.6386701799795,4.553425188950112
294,74,Car,0.4595254063606262,499.8606675549437,309.92690916052044,520.7770486189772,323.9671245077939,3.1996920386007757
295,117,Car,0.7759330868721008,828.4436065834911,297.345507867496,921.5035198989895,351.84939213484887,4.7147920439746125
295,74,Car,0.4622255563735962,499.5031770211305,309.24322516090575,520.6930999410876,323.2563425750754,3.0961687267764013
296,117,Car,0.7868180274963379,830.192594153175,295.9084510286432,923.9960475065762,350.7955304952958,4.811641933398136
296,74,Car,0.47804316878318787,499.0211900535677,308.0560354625367,520.5491173446769,321.98573272752975,2.9845229972052647
297,117,Car,0.8044848442077637,832.0739360063382,294.99846266663064,926.5173249946096,350.0348038513738,5.074777750807473
297,74,Car,0.3522518277168274,498.97725401113644,307.52316613831306,520.522983236016,321.35692698589696,4.633165713648883
298,117,Car,0.8151209950447083,833.6861596286475,294.3342458118774,928.7710029575643,349.6450276236893,5.216452549443675
298,74,Car,0.329721063375473,498.64864677250137,307.1722247333354,520.3198534759557,321.0248486512802,6.076491014934106
299,117,Car,0.7486477494239807,835.7829829622544,294.26429949820016,931.5026407188216,349.94822747802704,5.4085358367432805
299,74,Car,0.39209604263305664,498.57297071514824,307.03023409848026,520.3010249152302,320.9718114349963,6.629810369169799
300,117,Car,0.7550390362739563,837.7129359261492,294.59414198478424,934.4603509063736,350.5573709730697,5.437735605979382
300,74,Car,0.5185590386390686,498.3253254592834,307.4159152340302,519.933685624501,321.4451223743631,6.3136126184692625
301,117,Car,0.67584627866745,839.7365717424368,294.701908066454,937.3076821775153,350.98034142183843,5.456989536620061
302,117,Truck,0.4453151524066925,841.8501977559359,293.9213898571253,940.2500152636543,350.62266320683614,5.4443720960927084
303,117,Car,0.732510507106781,843.4313497043845,293.0379156715307,942.6116274266528,350.18470767679327,5.387296005222887
304,117,Truck,0.47004544734954834,845.5587344209154,292.2907105249475,945.6428931022191,349.8379491160375,5.45490470573727
304,75,Car,0.7245858311653137,845.6591335097328,292.3420674654928,945.4724272483484,349.9180573408409,3.8860111976435876
305,117,Car,0.8096306324005127,847.1787953306365,292.0160716052747,948.3000442845497,349.9891227712047,5.3762087665746785
306,117,Car,0.7598252892494202,849.3110495714465,291.45631035537025,951.2100869630159,350.0171773288694,5.389355913433628
307,117,Car,0.7585079669952393,851.5869561930995,291.02893922478165,954.1192612995858,350.04997966258054,5.508145504810604
308,117,Car,0.7722827196121216,853.0816729885789,290.6518252808489,956.6974375303325,350.23780975849195,5.364920595555857
309,117,Truck,0.4121525287628174,854.1544273121795,290.2905095882937,958.7684872092013,350.26441133302984,5.12823787551162
311,75,Car,0.640717089176178,857.9330107223564,289.5966051863316,961.0786693710315,350.5237192056242,3.7475019200243755
312,75,Car,0.6196034550666809,859.5899971844705,289.9916762736679,961.717968889316,351.2883072435208,3.733100132704413
313,75,Car,0.7148613929748535,861.3596692755067,290.1283960205204,962.1330808784438,351.71131927985437,3.7102465000665736
314,117,Truck,0.630887508392334,863.2725331425728,290.14740021564603,962.61336041125,352.16902788293896,4.098607081832582
314,75,Car,0.5386014580726624,863.1624739613895,290.1088922571029,962.4342943589578,352.03322604020974,3.67693690544197
314,74,Car,0.3984171748161316,494.598616300039,303.5919015787695,516.8172910998561,318.8371148569499,3.8270455165137753
315,117,Truck,0.46916425228118896,865.1304265658964,290.3397218841828,962.7059284666343,352.76930705992214,3.8057755114025507
315,75,Car,0.6605666279792786,865.3644515640143,290.3726033067011,962.7800874527455,352.5719449501098,3.672214178440617
315,74,Car,0.3009413480758667,494.4816949883936,304.5186610973757,516.6022831365071,319.46202711646936,3.250815722188832
316,117,Truck,0.4990103244781494,867.0743517427043,290.65383048729245,962.793726779955,353.3603378738693,3.6294562290658994
316,75,Car,0.5727580189704895,867.309896954287,290.710818863272,962.8417146876069,353.08028008995376,3.6631314951230713
316,74,Car,0.4560905992984772,494.28588788579583,305.05982369270316,516.2643766304808,319.9361268543812,2.7742426292128024
317,117,Truck,0.47561365365982056,869.1155212810213,290.5743755494397,962.8772539148897,353.51093625329867,3.369165897915367
317,75,Car,0.6301116347312927,869.1657036399685,290.6586392612746,962.8068193935131,353.1882998580249,3.63962280879936
317,74,Car,0.4705674350261688,494.0703451284619,305.4433884953004,516.0283605624605,320.3277775719222,2.501218759924171
318,117,Truck,0.5858376622200012,871.3680875655234,290.527023381495,962.9889871886412,353.7266368106768,3.199466926120019
318,75,Car,0.523473858833313,871.3852409862668,290.6771391646688,962.892205893379,353.42096195743954,3.6207528872113093
318,74,Car,0.40742939710617065,494.04654445257233,305.72506613551286,515.922169766193,320.57320182980493,2.12951345989671
319,117,Truck,0.5591363310813904,873.7183803769268,290.35047029498355,963.0914372986152,353.7877050496703,2.978208337353655
319,75,Car,0.5305802226066589,873.7221022162853,290.46986668931066,962.9714059087278,353.4480085004214,3.2577085389952756
319,74,Car,0.4090100824832916,493.9655687741941,305.8601316408912,515.8093009577315,320.6482199862531,2.076921601432946
320,117,Truck,0.5211097002029419,876.0199038553245,289.8348329434697,963.115726860803,353.7044094375814,2.72501039816365
320,75,Car,0.494341641664505,876.1001563893869,289.8169714247754,963.0678757876822,353.277510644627,2.407944659633589
320,74,Car,0.4488166570663452,494.03329214897275,305.6779029700106,515.7310395924404,320.4369158929887,1.9617643650144565
321,117,Car,0.5484257340431213,878.3137247316722,288.78811000023757,963.1489634359286,353.0464575325635,2.561286401842725
321,75,Truck,0.5505344271659851,878.2963411945084,288.97921794534676,963.0335008228499,352.98446543330687,2.3474886862485937
321,74,Car,0.3377206027507782,494.1625409580826,305.61471044815835,515.6408299597215,320.1084119156782,1.9798425654107898
322,117,Car,0.4810807406902313,880.6742422896614,288.1480236973917,963.1780166615113,352.84224478621167,2.4826109366366156
322,75,Truck,0.6462291479110718,880.6966328783983,288.361914714527,963.0769666032911,352.9191369152151,2.357041755391674
322,74,Car,0.30646461248397827,494.04992298590975,305.8463601917019,515.4190477546508,320.10350838402104,1.9926886374798802
323,117,Truck,0.6739270687103271,883.2361719822164,287.96931792146364,963.2430851813123,353.1555984809409,2.3733296881562738
323,74,Car,0.3305617570877075,494.02523576333226,305.77210346810347,515.2852599055192,320.02372773165365,2.089719341299004
324,117,Truck,0.6424844264984131,885.6274346164748,287.91613623130064,963.2153271565858,353.72867573212517,2.399699451262357
324,74,Car,0.3705560863018036,493.8996115976688,305.7857581130361,515.183792650492,320.09244821977916,1.4454760484683051
325,117,Truck,0.6038389801979065,888.2806250807278,288.6647183427209,963.2898966732484,354.79237112834494,2.462236782270959
325,74,Car,0.3369126617908478,493.7088328280897,306.18273301877764,515.0760818480471,320.4609037438089,1.2684475080234678
326,117,Truck,0.4811212122440338,890.6524581804645,288.8720295744278,963.2187898182349,355.67783371750437,2.4567555732230395
326,74,Car,0.3747609853744507,493.42496944777275,306.4732684102294,514.925663816714,320.72791167872373,1.1882824586157597
327,117,Car,0.48845016956329346,893.2422760000793,289.39626817438466,963.2437935156274,356.5902456712495,2.4775365801337776
327,74,Car,0.4412640631198883,492.9348349960068,306.95453190077205,514.61990037265,321.38388724868526,1.6428066179962175
328,117,Truck,0.6063147187232971,895.7031429781508,289.85695141068237,963.1966348796683,357.47837227476674,2.4755610758426014
328,74,Car,0.38969510793685913,492.67415763288216,307.17971773225764,514.5071156952364,321.6077175377755,1.7947783990898802
329,117,Truck,0.6071814894676208,898.2025231308022,290.0205252162966,963.1673829244902,357.83567594904093,2.5049141587444157
329,74,Car,0.30515795946121216,492.39849546248826,307.1224812461762,514.2317953880851,321.4677612274262,2.08800572204437
330,117,Truck,0.6154849529266357,900.834067583597,288.9401354753108,963.2105647918985,357.2057732861403,2.5257752314086606
331,117,Truck,0.6899041533470154,903.5983949996184,287.64553175104993,963.3029418742508,356.10632370514656,2.5431263542383493
332,117,Truck,0.6309476494789124,906.3800262788516,287.0684390640943,963.3579764712908,355.40342105438464,2.557004539952997
333,117,Truck,0.5732823014259338,909.083458607825,287.1892710688014,963.3536502009323,355.2127584699389,2.602758499632076
334,117,Truck,0.5015735626220703,912.1441830882359,289.0675101800195,963.4663528836777,356.4521949266936,2.6855142435150676
335,117,Car,0.6561020016670227,915.3297070553368,291.3109197478784,963.5696869051432,357.8501232836984,2.868540025969513
336,117,Car,0.6275144219398499,917.2931152133452,293.1313079884188,963.1272563152437,358.8166616561739,2.816330843933036
337,117,Car,0.6933525204658508,920.7426444096868,294.63713223755343,963.4378296069845,359.3597706182865,3.0295017511259967
338,117,Car,0.41692206263542175,923.9495679618665,296.02462245002073,963.5771947489982,359.7185950046828,3.2169530347917763
339,117,Car,0.39749202132225037,927.1004842713181,298.67848557759373,963.644000474644,360.65571449691004,3.6036712892658103
340,117,Truck,0.5302473902702332,930.3045493646952,301.6534945693582,963.6607680785336,361.7473992087054,4.17404693220462
341,117,Car,0.599821925163269,933.3424015038928,303.6955810034678,963.5872737572175,361.93939141007564,4.599627544894383
342,117,Car,0.43909215927124023,936.7050789910804,304.7383385849815,963.7045398214225,361.45209950651,4.85594865824349
343,117,Car,0.5140742063522339,939.9300298980728,307.3574793364898,963.7189770156743,361.8763417964762,5.05175631410864
344,117,Car,0.40402883291244507,943.6984887519777,309.65405375646117,963.9380568898978,362.1308540341911,5.227178098441668
347,125,Car,0.7372344732284546,61.532583161516754,306.7131333193842,112.56055483828817,332.6608403213863,0.0
348,125,Car,0.715889573097229,47.71439217306337,307.43555431603096,98.44846810426995,334.015482707578,71.12508560376244
349,125,Car,0.6375294327735901,29.83833106298294,307.25988598518114,82.27683620896333,334.84896270296673,75.89206514610368
350,125,Car,0.7226526141166687,8.313916725833288,307.3560489607047,64.16147358486714,336.6779230729005,78.05784045385208
351,125,Car,0.6946213841438293,-4.829123269389452,307.69229973341186,48.00860131676842,337.3598741766122,74.5340695768111
352,125,Car,0.591513991355896,-11.742860998576706,307.8430831548337,31.399818163106115,336.53755690436776,72.69635860170952
371,74,Car,0.41020792722702026,488.3498431848884,307.5060791989939,507.27896223747905,319.6790982193148,1.580313634655603
372,74,Car,0.3994665741920471,488.26764400391414,307.5456400782825,507.1882387763055,319.5268558380421,1.5840027728112576
373,74,Car,0.31520771980285645,488.14840506153485,307.7690356242174,507.1763209219706,319.6286292427973,1.6024345964543119
374,128,Car,0.5966746211051941,177.36605505683184,307.7748456508038,216.6194687859154,327.98299258172887,0.0
374,74,Car,0.3890615403652191,488.1229711078676,308.06620484140456,507.02325598808403,319.8000961977633,1.6197228626931515
375,128,Car,0.6870454549789429,166.0787230370039,307.86551434168837,207.79071580407094,328.652865814837,65.36695406191113
375,74,Car,0.5063732862472534,488.05101602059113,308.33488797143167,506.8275822123189,320.13837302921803,1.6042139917356597
376,128,Car,0.6540098190307617,154.8665351885066,307.88440855942855,198.48582898559516,329.3854057655033,63.82579401196528
376,74,Car,0.4929003417491913,488.192148588381,308.31762801225454,506.88480022904866,320.1957158298944,1.5159693972989134
377,128,Car,0.6223490238189697,143.62055555324042,307.0932269464506,188.80650872090314,329.20754541894394,62.63449685184906
377,74,Car,0.5343623757362366,488.5275200208599,307.6739767456547,507.1509524545886,319.53648515880354,1.3576474568719126
378,128,Car,0.7489500641822815,130.44069968157783,306.2495312783109,178.59592236579732,329.24135192766744,62.34912049788591
379,128,Car,0.7759702801704407,116.89141480567366,305.75692069655776,167.4643950883053,329.5489374522612,62.20631615739258
380,128,Car,0.7962649464607239,101.93454222907246,305.0224760287556,156.07057520956664,329.90037208850697,61.4926764306564
381,128,Car,0.8386995792388916,85.92365500529681,305.4589115112849,143.3373005949677,331.25921561561677,61.566811924576825
382,128,Car,0.8265271186828613,69.04569300863919,305.7151759676197,129.35824496293267,332.4573716424546,61.71315992617188
383,128,Car,0.8554280400276184,50.32153830528881,306.0895494658569,114.11087832035449,333.84635377535386,62.03644439026263
383,74,Car,0.38427969813346863,490.7827211532396,307.97242241086457,508.78284412780175,319.64169439062533,0.810404117031673
384,128,Car,0.8507633209228516,28.850588147317566,306.02159156282426,96.33825648868671,335.2486653993843,63.82592174408902
385,128,Car,0.8288491368293762,5.941967481467749,305.5179043915034,77.14404567183746,336.2982907147217,65.86286428111636
386,128,Car,0.7560532093048096,-6.2043754551585835,305.33241670910013,61.30860857275765,336.46624333346165,66.8189602718667
387,128,Car,0.786504328250885,-14.149134767472317,304.84033165346233,42.941195670875764,335.752369096,68.00530298181786
410,129,Car,0.49390342831611633,227.3435734475917,310.0009951256888,262.4999237684803,325.98378120490355,0.0
411,129,Car,0.578528881072998,218.14908020926688,309.7764100691396,255.19968893103632,326.3042424174473,67.36593945318776
412,129,Car,0.5631316304206848,208.1101179547189,309.2914600294013,247.00032175255168,326.21676655175287,69.26616189711008
413,129,Car,0.6174148321151733,197.33975753323676,308.5601314963752,237.79269787707005,325.95739508466943,70.78360516043178
414,129,Car,0.6865535378456116,185.9076165413446,308.414181497788,229.78242263435098,326.6877483131745,68.48297869090983
415,130,Car,0.4331418573856354,289.40163282404825,309.2031110983122,309.37648695341824,319.8752486667221,0.0
415,129,Car,0.6951778531074524,172.62087761520186,308.5584918165025,219.79280884029586,327.6359217017655,68.94563355249028
416,130,Car,0.35782039165496826,286.4865313719543,309.41367436653974,307.44224453635974,320.60282861504,29.796691023257576
416,129,Car,0.7078428864479065,158.22382140923025,309.01609366157305,208.41978051796747,328.93484135888247,69.59148906859441
417,129,Car,0.711384117603302,143.1642069529978,309.6781710597902,196.11241914656256,330.1748941710964,70.85883463519002
418,129,Car,0.6865445375442505,125.49718477497895,309.7773880156865,181.96466162237755,331.10404989168535,72.1819343853894
419,129,Car,0.6602909564971924,104.78724901605523,310.4481012441444,164.2316358198525,332.2914422859257,75.85649261221717
420,129,Car,0.6474298238754272,83.19891059462296,310.7802730429559,146.6090415756834,333.50797871279275,80.4125647093375
421,129,Car,0.72022545337677,58.578174493520436,310.8073563919191,126.84833551167765,334.7828497335228,84.42130300865813
422,129,Car,0.7697747349739075,30.657366535240918,310.31628708807074,104.84410940177443,335.5336437061804,89.17822256736416
423,129,Car,0.7528427243232727,5.8674858527926474,309.19575470352663,82.02560474757655,334.45082997837574,97.37893051805656
423,126,Car,0.3394090235233307,262.0563454809348,310.24479971038744,283.22127562124086,321.55729976632455,0.0
424,129,Car,0.6374820470809937,-8.806247664121727,309.3833718331022,60.24759557625525,335.1457308967077,99.29433924962024
424,126,Car,0.4143657684326172,257.93415505082356,309.9905806435626,279.51368163527565,321.60844950503775,45.50646730022948
436,132,Car,0.4187092185020447,176.10428447530956,309.8817599603028,209.7339801237007,325.40602046778145,0.0
436,131,Car,0.4312210977077484,264.11352782904544,309.87233292200835,287.4912968444178,321.53435375116726,0.0
437,132,Car,0.365622341632843,167.35329307714284,309.70924769845186,202.05634404929287,325.84376669646355,68.73938207014491
437,131,Car,0.4430588483810425,258.69651216245654,309.2603173188289,282.9570337124313,321.3531730607633,55.72230143096864
438,132,Car,0.5764580965042114,158.04378286773817,309.4267619213867,194.06582347646145,326.1273585899691,68.16389432664845
438,131,Car,0.4400124251842499,252.79419558112505,309.02649078833366,277.94917599079037,321.59423631161945,56.06204808260536
439,132,Car,0.5639251470565796,148.34542582782527,309.206440477124,185.90798963242005,326.3627992143948,67.65283939291722
439,131,Car,0.47598758339881897,246.95868742232796,308.8996182260726,272.39387804338656,321.6795110768555,56.801311731717725
440,132,Car,0.643157958984375,137.20269911037505,308.86165294464814,176.3198382433666,326.7596175084213,68.18322100385039
440,131,Car,0.5719856023788452,240.29696105506576,308.4288096885948,266.31997748976846,321.6761694738401,57.33129602824314
441,132,Car,0.6373734474182129,125.72541720956123,307.62840804996677,166.72230411011822,326.4377151195598,67.03490961847992
441,131,Car,0.6041587591171265,233.62683966749609,307.3395044482325,260.9287265635818,321.16855079481314,55.7636767604717
442,132,Car,0.5256860852241516,113.5830967933625,307.1934818839825,156.74310629379679,327.03814985935776,65.48686078694595
442,131,Car,0.6296166777610779,225.4834202510478,307.068351932616,254.64368139958106,321.6554255250312,55.164638225230554
443,132,Car,0.6509276628494263,99.97208578445515,307.05726055299476,145.09473908753031,327.7405587614662,65.63010848204571
443,131,Car,0.6794188618659973,217.81170450310464,306.84797763360245,248.6186732613798,321.9673660897329,54.347770366130256
444,132,Car,0.7216165661811829,85.8569297062071,306.6867737440531,132.69344816607398,328.2219937641313,65.54356842391364
444,131,Car,0.6756425499916077,209.68833414310916,306.3004596110571,242.56228198634574,322.3637901252525,52.20713263114524
445,132,Car,0.7204350829124451,70.78790839926437,307.0161336834839,119.98937009878988,329.0409859199639,66.42354549339382
445,131,Car,0.45471736788749695,200.06555374300785,306.7726998546289,234.39436032776968,323.48023864156534,52.58880146821035
446,132,Car,0.8194814324378967,53.82572562026479,307.5909048744445,105.07205486275143,330.2886257989936,69.56360716035131
446,131,Car,0.32145291566848755,189.9903111940442,308.0988697286157,226.05773671488268,325.0980791156462,55.428488156552916
447,132,Car,0.7691618800163269,36.02068561200271,307.6939727999867,89.79500624401145,331.4900262127877,71.33210956580771
447,131,Car,0.39245983958244324,179.71769010561394,308.8101754403612,216.4284386057808,325.7831669844666,59.501527157223684
448,132,Car,0.8302449584007263,16.55174989520718,307.2308360687671,73.34026972170786,332.0803564658132,73.76099444151534
448,131,Car,0.5241056680679321,168.5624613122396,308.37850464428345,207.10333611817632,325.7992867682717,61.87946580073802
449,132,Car,0.8204421997070312,0.3429815052491456,306.70657718109993,57.28964990832483,332.38373752710373,74.7493344144265
449,131,Car,0.5999178290367126,156.46065775620502,307.5412942881054,197.18237646262116,325.75000816605996,63.022196142345194
450,132,Car,0.7738062739372253,-8.78726445203283,306.51488313957003,42.16511317711763,332.43502126451216,74.97526629364606
450,131,Car,0.6587350964546204,143.65864144451004,306.81731407614905,186.9823048543516,325.88778971458305,64.4851551446745
451,131,Car,0.6824042797088623,130.03678221666803,306.0938185404254,175.401061973938,325.997912633706,65.83635011223116
452,131,Car,0.672299325466156,114.83527255732905,306.290093763324,162.02363474542148,327.02154610359963,68.60039828712648
453,131,Car,0.7040470242500305,98.50910122530566,305.7453954443538,148.09980232107455,327.42917610039024,71.14459379118644
454,131,Car,0.7777392268180847,80.35439073580966,305.12106570815683,132.9748403354883,327.8796821144256,72.8782510689303
455,131,Car,0.7361757755279541,60.2286279615419,304.4693672254303,116.30214203486135,328.2082223237126,75.67272305217367
456,131,Car,0.8048329949378967,38.806245177045895,304.2411186121665,98.84381571774611,328.7492299382808,79.10678058691474
457,131,Car,0.7660640478134155,15.257575240505183,304.57779453074846,79.89767627424274,330.5197275321328,81.09805860199268
458,131,Car,0.7110156416893005,-1.5811730564535758,304.9432051786095,61.02007393569167,332.18522493427275,81.00422369264673
459,131,Car,0.32142794132232666,-11.792537898524612,305.56312860142367,41.779023155876,333.1147092892439,81.85930920664676
494,134,Car,0.6130924224853516,171.4507873280302,311.2035252964277,200.22686904501316,325.43761493014114,0.0
495,134,Car,0.5403947830200195,163.19377063460965,311.6881153466526,193.1532129569305,326.07977911102944,72.09809759699958
496,134,Car,0.5453563928604126,155.23643965818647,311.93533869394554,186.31604852791233,326.4575457077263,70.12996679879548
497,134,Car,0.5948967337608337,147.02203209345598,312.05273566867436,178.9300491536894,326.9716910813188,69.05456480301278
498,134,Car,0.6201874613761902,137.4904500975452,312.14200170400915,169.85029998977177,327.3831281628307,71.30546017962051
499,134,Car,0.6468337178230286,127.3748864593994,312.80170728010995,160.2374683734825,328.4451128066675,72.65576075157853
500,134,Car,0.45964905619621277,117.20190268136936,313.2763050903997,152.5494089077528,329.3549337309565,71.43954093956589
501,134,Car,0.6393893361091614,106.29956282710421,313.30101662154806,143.69881159914226,330.00113318621624,70.36434121359115
502,134,Car,0.6882749199867249,93.67653366100474,313.3890849207019,132.17055013672672,330.68303165868275,71.24122029694038
503,134,Car,0.6673797369003296,81.24037833931705,313.43604921468955,120.83071518001499,331.5084028578776,70.4707702988475
504,134,Car,0.6396657228469849,67.76894750059911,313.7891086586364,109.73726579501847,332.60994987538214,71.3499962072312
505,134,Car,0.7202522158622742,52.72033307655343,314.02012966965054,96.5770387812401,333.5860377784764,73.77976616200255
506,134,Car,0.7220888137817383,36.42059528889089,314.5977977011956,82.20948756006274,334.8248249882719,76.96976109825259
507,134,Car,0.7773149013519287,18.79039814409128,314.84529830042675,66.8067158955032,335.7665848271233,79.59140833255952
508,134,Car,0.7065640687942505,2.712004166738474,315.4668898404915,52.21819555818826,337.1102256652184,80.72618313656338
509,134,Car,0.6264395117759705,-6.5547599236824965,315.7425464326035,38.34603637824223,337.4670775303996,82.23251616490042
543,136,Car,0.593274712562561,110.94189893596246,311.16474062439,147.52746790182408,329.8010614270779,0.0
544,137,Car,0.41696426272392273,-5.5395557635306805,321.44081892836476,29.35970866367977,337.8626387633255,0.0
544,136,Car,0.697139322757721,98.98746702843377,311.0626839440455,138.1802202617791,330.3134222903649,74.70519046210053
545,136,Car,0.6628572344779968,88.08524100762575,310.8986859645991,128.0782735412865,330.4522537663209,73.02409946005051
546,136,Car,0.6828148365020752,75.7077166925074,311.24619434682535,117.18603375929374,331.5995722468413,72.5215038978528
547,136,Car,0.6402714848518372,62.14334190885046,310.2245166727528,105.62310210240213,331.31099642866405,72.58878830448796
548,136,Car,0.6610885262489319,47.73272656795001,309.8670719281438,93.19487304907369,331.6081358767269,72.98763128524415
549,136,Car,0.8010269403457642,32.549147941295836,309.81987485415954,79.89374957064089,332.08901597532287,73.77168393291083
550,136,Car,0.6206094622612,17.143246429755873,309.6546453003366,66.62681722899758,332.77703638326943,72.85837005538815
551,136,Car,0.5647540092468262,4.104373247582934,309.6258115196782,52.54767092662745,332.50489011591196,74.4287851825627
552,136,Car,0.7906950116157532,-5.501540330968872,309.1742087354725,39.24756867887394,332.3269306223962,72.79618479473281
553,136,Car,0.5617403388023376,-11.11463180850359,309.2993907436653,25.34103690741182,332.06595478640224,73.44365250916775
559,140,Car,0.613118052482605,145.1854878383512,308.0627185823857,177.23381734303854,321.97150783478907,0.0
560,140,Car,0.6515777111053467,135.90278729278072,307.8174380889921,169.39480969353178,322.4152481359568,79.17577598222807
561,141,Car,0.6174342036247253,32.7607051624687,307.58851019923077,85.92822326127978,326.9772993427474,0.0
561,140,Car,0.5669218897819519,124.81825840058275,307.96652214336405,160.39817324596385,323.14962203906066,82.73197376520504
562,141,Car,0.6275603771209717,11.260910621546405,307.86755464462686,69.15125274043562,328.06315089306605,128.01423192291983
562,140,Car,0.5604603290557861,113.513477138532,308.50102930471496,150.4731761104021,323.90927266198526,85.39722268498508
563,141,Car,0.3588314354419708,-1.8729623499985486,307.8739112496131,53.46417361853376,327.8638339900589,113.301755788339
563,140,Car,0.5591076016426086,102.36549037571177,308.309924298508,141.5351626311435,324.2511821086448,83.16082894054196
564,141,Car,0.4131210446357727,-10.292108613410825,308.33379931849413,36.63918061542249,327.49821750395324,108.42421970571219
564,140,Car,0.5816075801849365,89.85354506624743,308.57086707528043,130.40051823551823,324.9977734960003,84.01191485155667
565,140,Car,0.6566972136497498,76.26226960459516,308.21744475795094,118.25467520868142,325.0850544325742,85.33344499570342
566,140,Car,0.604119598865509,61.292400700898455,308.0512796248884,105.20608251527112,325.24915515789445,87.44405989738001
567,140,Car,0.758411169052124,47.19512834804814,308.276877021006,92.680592381449,326.0558764805971,86.65495863975814
568,140,Car,0.6970342397689819,32.18223668802183,308.59960514465735,79.52836017504143,326.85761047093905,86.5833144698563
569,140,Car,0.5419226288795471,14.560506473791001,308.8269017711821,64.19378333495456,327.6565238485818,90.26848405647867
570,140,Car,0.645494282245636,0.7704958912773314,309.3935986588801,50.52236500530755,328.3313262975591,92.67884926709402
571,140,Car,0.5696415305137634,-7.467927683359969,309.75027308486415,36.49703666423917,328.38844571660445,94.5750033240988
616,146,Car,0.5639626979827881,281.80595942098,307.4687839939596,309.2335052923444,321.69130038917683,0.0
616,145,Car,0.46349188685417175,149.44613768073236,305.9336151308017,204.72163528568183,327.0118892065354,0.0
617,146,Car,0.4749027490615845,274.5113139091293,307.02962490076095,304.34446440018917,321.7305788087774,55.97199130118352
617,145,Car,0.47307687997817993,136.02852923635746,305.54230987061874,196.55288711747986,327.4137408681862,66.62020630531056
618,146,Car,0.5258458256721497,266.85155964696133,307.4550909938707,298.1601059065295,322.3240985710148,59.09518083111072
619,146,Car,0.5397288799285889,259.4124361710412,307.3199332916888,291.47639856258496,322.50102984330147,59.515565380410855
620,146,Car,0.516895055770874,250.5404218462087,306.98148188059395,283.71538649593197,322.63484985563355,61.217185534268324
621,146,Car,0.5893588662147522,242.19963448057604,306.6317336166176,276.3032740599223,322.59726081715763,61.3348959868796
622,146,Car,0.603243350982666,232.88478062150608,306.041001665883,268.886171933589,322.6006925583486,60.646524220035275
622,145,Car,0.737379252910614,48.923441297661604,305.2263580002606,116.12737633991074,330.8371685083407,83.08424660282574
623,147,Car,0.671616792678833,103.59300348236812,308.6049915832205,140.52220758488463,326.30502480690046,0.0
623,146,Car,0.6513943076133728,223.02524363005347,304.75693909790624,261.15124498887167,321.8718315914428,60.22552972933075
623,145,Car,0.6951236724853516,27.338671600921877,303.7921566335423,97.52246999572384,330.58140719437324,82.54109096744243
624,147,Car,0.6209515929222107,88.15057065552747,307.97894447023003,128.97571269117964,326.9042873740373,96.2600005468271
624,146,Car,0.6746341586112976,211.7851047766246,304.40171124312616,253.18831170960075,321.7977463360107,61.16195808060909
624,145,Car,0.626634418964386,7.428442426568964,302.290771277721,78.54234109395648,329.68839879638494,82.59572058215647
625,147,Car,0.7072878479957581,72.7141791218283,307.25479997359326,116.8663550910534,326.94621204714923,93.47734331967648
625,146,Car,0.6573072671890259,199.00059590735657,304.17261934836614,242.57653244901599,321.92825527914357,63.14627722881911
625,145,Car,0.5155279636383057,-6.145747359279493,301.6681946873008,60.36151874803036,329.42359334285936,81.05388791261305
626,147,Car,0.7345113158226013,57.241567670039814,306.53813578405027,103.90236703619254,327.1588516041079,90.54259972747427
626,146,Car,0.703608512878418,185.6234728946181,303.8786016212235,232.1087751567809,321.96151587121045,66.83794988268308
626,145,Car,0.6891348361968994,-14.183890974227324,300.536522957924,41.88404541335892,328.51588329991586,78.76567142515128
627,147,Car,0.7375684976577759,40.87516486465144,306.9304619087582,89.98897315173598,328.35370295231013,89.20789731216524
627,146,Car,0.6928308010101318,170.3969962670807,303.82542227137566,220.56155733031196,322.79291358724623,68.83427848578832
628,147,Car,0.8239170908927917,22.803819667463824,307.85955190177475,74.6565642512512,330.16222901035206,88.79139416170257
628,146,Car,0.7453926205635071,153.8208036729552,304.3310069115196,206.9208246859862,324.17327311522774,71.87375792324526
629,147,Car,0.7761285305023193,5.408407648933984,308.834697139684,59.12134909817523,331.7268781924534,88.29811985137952
629,146,Car,0.6932371854782104,136.17618533066332,304.62105511946805,194.51377247615068,325.714399496461,72.3808125530164
630,147,Car,0.7169836163520813,-5.7778929409864475,308.9250528907451,44.260765873272604,331.618587198987,87.40935824348828
630,146,Car,0.7904271483421326,114.28464416891421,304.86007637226834,176.57506168745834,327.265575913076,76.20728256720935
631,147,Car,0.7054973840713501,-12.186108893159975,309.9122223095799,28.715832782782407,331.99481759837465,86.99882639810335
631,146,Car,0.724821925163269,90.16060039073275,305.15419984999,157.3066358638425,329.1945020011298,79.35666036438181
632,146,Car,0.7985886335372925,63.366940574123355,305.27214660538624,135.33554603627474,330.6561366809768,84.39141069291064
633,146,Car,0.7554755210876465,33.61456825735298,304.69995963853495,111.31047930848135,331.6789566875494,89.01652589854532
633,144,Car,0.31318360567092896,219.61648400112063,309.98733580170455,250.866611247996,321.3581079673631,0.0
634,146,Car,0.7435118556022644,6.317517300093108,304.1657451066418,85.8906679229409,332.0541370679614,93.99487465247078
634,144,Car,0.3861377537250519,210.9705962797179,309.4064903168645,243.51409163516777,321.12505997570645,92.27141710006703
635,146,Car,0.7951297760009766,-9.351627673266432,302.6683316692962,62.551939409032755,331.16328691757633,95.96949354789915
635,144,Car,0.4554412364959717,201.11634830485767,308.7852456000694,236.26283161197696,321.0310093333695,91.333506030822
636,144,Car,0.42435795068740845,189.92852659144526,308.6340669739059,228.04717421078632,321.54928800127595,91.49713184127313
637,144,Car,0.5027584433555603,176.83355540721985,308.25425478244836,216.4225143572335,321.6495581397123,97.30523204843462
638,144,Car,0.6760908961296082,164.01758558898484,308.26840362433495,205.30664175494758,322.0066156983122,99.4104009513483
639,144,Car,0.7055007815361023,149.58362337295415,308.07530106277216,192.8759768989176,322.401398172378,100.53662677863035
640,144,Car,0.7013648152351379,132.99615913003035,308.16368665482923,178.76065593216836,323.25025099123707,101.45285255377708
641,144,Car,0.7335054874420166,115.36617033959622,308.5190180852857,164.17862396393872,324.6926932476479,99.61365314438183
642,144,Car,0.753330409526825,97.92850920695074,308.12459205735945,152.5161887716294,325.49493376993746,95.0111482436021
643,144,Car,0.7907912135124207,75.57141332514198,307.91091191271886,133.04003361648256,326.25396846425275,100.54216596695949
644,144,Car,0.7721642851829529,51.36567364625,307.03686714649496,112.64221053656797,326.47569853721245,105.48330236295027
645,144,Car,0.7865374684333801,24.840474656440605,307.1856493253374,90.50996479801111,327.6612979125357,110.86139419207218
646,144,Car,0.7551317811012268,3.731591210533068,308.08671283802465,69.37992366212264,329.3065736675208,113.18364078589272
667,151,Car,0.5713824033737183,-0.021773714954459678,311.3971293994923,46.005257524933086,326.4644286740337,0.0
668,151,Car,0.3590873181819916,-6.380089077931064,310.418408928663,34.24576168694553,325.3993524163544,82.15162169966098
